title,year,length,budget,rating,votes,r1,r2,r3,r4,r5,r6,r7,r8,r9,r10,mpaa,Action,Animation,Comedy,Drama,Documentary,Romance,Short
Sibak,1994,128,NA,5.5,64,4.5,4.5,4.5,0,4.5,24.5,24.5,14.5,4.5,4.5,,0,0,1,1,0,0,0
Martin,1977,95,800000,6.9,847,4.5,4.5,4.5,4.5,4.5,14.5,14.5,24.5,14.5,24.5,,0,0,0,1,0,0,0
Laud Weiner,2001,4,NA,5.3,5,0,24.5,0,0,24.5,24.5,0,0,24.5,24.5,,0,0,1,0,0,0,1
Park Row,1952,83,NA,7,85,0,0,0,4.5,4.5,14.5,24.5,24.5,4.5,14.5,,0,0,0,1,0,0,0
Chlopaki nie placza,2000,90,NA,7.2,226,4.5,4.5,4.5,4.5,4.5,4.5,14.5,14.5,14.5,34.5,,0,0,0,0,0,0,0
Tridtsatogo unichtozhit!,1992,93,NA,2.7,9,24.5,14.5,44.5,0,0,0,14.5,0,0,14.5,,1,0,0,0,0,0,0
"Doulos, Le",1962,108,NA,8,350,4.5,0,4.5,4.5,4.5,4.5,14.5,24.5,14.5,14.5,,0,0,0,0,0,0,0
"Bomba, A",2001,90,NA,6.2,84,4.5,4.5,4.5,4.5,4.5,4.5,24.5,24.5,4.5,14.5,,1,0,1,0,0,0,0
"Cooler, The",2003,101,NA,7,6329,4.5,4.5,4.5,4.5,4.5,14.5,34.5,24.5,4.5,4.5,R,0,0,1,1,0,1,0
Winter,1988,3,NA,9.2,12,4.5,0,0,0,0,0,4.5,4.5,34.5,44.5,,0,1,0,0,0,0,1
Kiss Me Quick!,1964,70,NA,4.8,43,4.5,4.5,4.5,4.5,4.5,24.5,14.5,4.5,14.5,4.5,,0,0,1,0,0,0,0
"Malheurs de Sophie, Les",1981,87,NA,7.4,5,0,0,0,0,24.5,0,0,84.5,0,0,,0,0,0,0,0,0,0
"Stamatis kai o Gregoris, O",1962,86,NA,6.8,5,0,24.5,0,0,0,24.5,64.5,0,0,0,,0,0,0,0,0,0,0
Laserblast,1978,85,NA,2.5,533,44.5,14.5,14.5,4.5,4.5,4.5,4.5,4.5,4.5,4.5,,0,0,0,0,0,0,0
Buck Privates Come Home,1947,77,NA,6.3,215,4.5,0,4.5,4.5,4.5,14.5,24.5,14.5,14.5,14.5,,0,0,1,0,0,0,0
Mystique,1979,77,NA,6.8,5,0,0,0,0,0,24.5,24.5,44.5,24.5,0,,0,0,0,0,0,0,0
Bagnomaria,1999,90,NA,3.9,26,44.5,14.5,4.5,14.5,4.5,4.5,4.5,4.5,0,0,,0,0,1,0,0,0,0
Gang Tapes,2001,91,NA,5.7,194,14.5,4.5,4.5,4.5,4.5,14.5,14.5,14.5,14.5,24.5,R,0,0,0,1,0,0,0
Tell Them Johnny Wadd Is Here,1975,74,12000,4.6,25,44.5,4.5,4.5,14.5,4.5,4.5,14.5,0,0,14.5,,0,0,0,0,0,0,0
In Flagrante,2000,71,NA,8.9,9,0,0,0,0,0,0,0,45.5,0,44.5,,0,0,0,0,0,0,0
"Schweigende Stern, Der",1960,79,NA,4.1,195,14.5,4.5,14.5,4.5,14.5,14.5,4.5,4.5,4.5,4.5,,0,0,0,0,0,0,0
Family Attraction,1998,17,NA,5.7,16,0,0,4.5,0,4.5,14.5,34.5,0,4.5,34.5,,0,0,0,0,0,0,1
Skins,2002,84,NA,6.6,351,4.5,4.5,4.5,4.5,4.5,4.5,14.5,14.5,14.5,44.5,R,0,0,0,1,0,0,0
How to Have an Accident in the Home,1956,7,NA,7.7,22,0,0,0,0,4.5,0,24.5,34.5,4.5,24.5,,0,1,1,0,0,0,1
Scorpion Spring,1997,90,NA,4.8,61,4.5,4.5,4.5,24.5,24.5,14.5,4.5,4.5,4.5,4.5,R,0,0,0,0,0,0,0
Porky's Last Stand,1940,6,NA,6.6,12,0,0,0,0,4.5,14.5,24.5,34.5,4.5,4.5,,0,1,1,0,0,0,1
Skippy,2001,90,NA,3.5,40,34.5,14.5,4.5,4.5,4.5,4.5,4.5,0,0,24.5,PG,0,0,1,0,0,1,0
"Good Companions, The",1957,104,NA,4.9,13,4.5,0,0,24.5,4.5,14.5,34.5,4.5,0,4.5,,0,0,0,0,0,1,0
Juet sai ho bun,2004,103,NA,5.8,18,0,0,0,4.5,24.5,24.5,34.5,0,14.5,0,,0,0,1,0,0,1,0
Dias de Nietzsche em Turim,2001,85,NA,6.5,51,14.5,4.5,4.5,4.5,14.5,14.5,24.5,4.5,4.5,4.5,,0,0,0,1,0,0,0
Gold Raiders,1951,56,50000,5.5,16,0,0,4.5,4.5,14.5,24.5,14.5,14.5,4.5,14.5,,0,0,1,0,0,0,0
Future War,1997,90,NA,1.6,1622,45.5,4.5,4.5,4.5,4.5,4.5,4.5,4.5,4.5,24.5,,1,0,0,0,0,0,0
Crystania no densetsu,1995,85,NA,6.1,25,0,0,0,0,24.5,24.5,4.5,34.5,4.5,4.5,,0,1,0,0,0,0,0
"Dependiente, El",1969,87,NA,8,26,0,0,0,0,0,4.5,4.5,34.5,24.5,34.5,,0,0,0,1,0,0,0
Dorotej,1981,98,NA,7.3,7,0,0,0,0,14.5,0,44.5,14.5,14.5,14.5,,0,0,0,1,0,0,0
Triple Bogey on a Par Five Hole,1991,85,NA,7.4,17,0,4.5,0,4.5,0,14.5,0,34.5,4.5,24.5,,0,0,1,0,0,0,0
Musical Masterpieces,1946,10,NA,6.4,6,0,0,0,14.5,0,14.5,45.5,0,14.5,0,,0,0,0,0,0,0,1
Inside Amy,1975,100,NA,2.1,7,24.5,0,14.5,14.5,14.5,0,14.5,0,14.5,0,,0,0,0,1,0,0,0
Dear Diary,1996,38,NA,6.2,20,0,4.5,4.5,0,24.5,4.5,0,14.5,14.5,44.5,,0,0,1,0,0,0,1
Mickey's Mechanical Man,1933,7,NA,5.8,19,0,14.5,14.5,14.5,14.5,14.5,24.5,4.5,4.5,14.5,,0,1,1,0,0,0,1
Go Down Death,1944,56,NA,5.8,15,0,4.5,0,4.5,24.5,14.5,24.5,14.5,4.5,4.5,,0,0,0,0,0,0,0
Wie Feuer und Flamme,2001,94,NA,7.1,143,4.5,4.5,4.5,4.5,4.5,14.5,14.5,14.5,14.5,4.5,,0,0,0,1,0,1,0
Matango,1963,89,NA,5.3,209,4.5,4.5,4.5,4.5,14.5,4.5,14.5,14.5,4.5,24.5,,0,0,0,1,0,0,0
It's Okay to Drink Whiskey,2002,10,NA,8.7,6,0,0,0,0,0,14.5,0,34.5,0,45.5,,0,0,0,0,0,0,1
Hit & Run,2000,45,NA,7.1,16,0,0,4.5,4.5,0,0,4.5,34.5,34.5,14.5,,0,0,0,0,1,0,0
"Crime ne paie pas, Le",1962,79,NA,5.9,20,4.5,0,0,4.5,14.5,14.5,14.5,14.5,14.5,24.5,,0,0,0,1,0,0,0
Ted Bundy,2002,99,1200000,5.2,852,4.5,4.5,4.5,4.5,14.5,14.5,14.5,14.5,4.5,4.5,R,0,0,0,1,0,0,0
Maruhi - Shikijo mesu ichiba,1974,83,NA,7.2,10,0,0,0,0,14.5,14.5,34.5,14.5,14.5,34.5,,0,0,0,0,0,0,0
Money to Loan,1939,20,NA,6.3,6,0,0,0,0,14.5,64.5,0,14.5,0,0,,0,0,0,1,0,0,1
"Obvious Moment of Happiness, An",2003,82,NA,9,7,0,0,0,0,0,0,0,24.5,44.5,24.5,,0,0,1,0,0,0,0
Second Fiddle to a Steel Guitar,1966,107,NA,7.1,5,0,0,0,0,0,0,24.5,0,0,84.5,,0,0,1,0,0,0,0
"Lonesome Stranger, The",1946,11,NA,5.3,5,0,0,0,24.5,0,24.5,0,0,0,64.5,,0,0,0,0,0,0,1
Number Seventeen,1932,63,NA,6.2,432,4.5,4.5,4.5,4.5,14.5,24.5,24.5,14.5,4.5,4.5,,0,0,0,1,0,0,0
Elkerlyc,1975,94,NA,3.4,9,14.5,14.5,0,14.5,0,34.5,0,14.5,14.5,14.5,,0,0,0,0,0,0,0
King of the Mountain,1981,90,2000000,4.1,49,4.5,0,4.5,14.5,24.5,4.5,4.5,14.5,4.5,14.5,,0,0,0,1,0,0,0
"Jungfrauenmaschine, Die",1988,84,NA,6.2,56,14.5,4.5,4.5,4.5,4.5,4.5,14.5,14.5,14.5,4.5,,0,0,0,0,0,0,0
Fatty and Mabel Adrift,1916,34,NA,7.1,38,14.5,0,0,0,4.5,4.5,14.5,34.5,14.5,14.5,,0,0,1,0,0,0,1
Buffalo Bill Rides Again,1947,69,NA,4.7,11,4.5,24.5,14.5,4.5,24.5,0,0,0,0,4.5,,0,0,0,0,0,0,0
Embrasse-moi,1989,95,NA,7.4,5,0,0,0,0,24.5,24.5,24.5,0,24.5,24.5,,0,0,0,1,0,0,0
"Herz von St. Pauli, Das",1957,95,NA,5,15,0,0,0,24.5,24.5,44.5,0,4.5,0,4.5,,0,0,0,1,0,0,0
Slaughterhouse Rock,1988,90,NA,3.5,62,14.5,4.5,14.5,14.5,4.5,4.5,4.5,4.5,4.5,14.5,,0,0,0,0,0,0,0
In the Aftermath,1988,85,NA,5.4,24,14.5,0,4.5,14.5,14.5,4.5,14.5,4.5,4.5,24.5,,0,1,0,0,0,0,0
"Fille de Dracula, La",1972,87,NA,5.4,31,4.5,4.5,4.5,4.5,14.5,14.5,14.5,4.5,0,14.5,,0,0,0,0,0,1,0
Same Difference,2003,14,7000,8.9,8,0,0,14.5,0,0,0,0,14.5,0,74.5,,0,0,0,0,0,0,1
Reaching for the Moon,1930,91,NA,5.7,46,4.5,4.5,4.5,4.5,14.5,24.5,14.5,14.5,4.5,4.5,,0,0,1,0,0,1,0
I Saw What You Did,1965,82,NA,6.5,284,4.5,4.5,4.5,4.5,4.5,14.5,24.5,14.5,4.5,24.5,,0,0,0,0,0,0,0
"Corps de mon ennemi, Le",1976,120,NA,6.2,185,0,4.5,4.5,4.5,14.5,14.5,24.5,24.5,4.5,4.5,,0,0,0,0,0,0,0
Jump Into Hell,1955,77,NA,5.6,14,0,4.5,0,14.5,14.5,14.5,24.5,4.5,0,14.5,,0,0,0,1,0,0,0
Big Business Girl,1931,75,NA,5.1,11,0,0,4.5,4.5,14.5,34.5,24.5,0,0,0,,0,0,1,0,0,1,0
"Truth About Love, The",2004,100,NA,8.3,15,14.5,0,0,0,0,0,4.5,14.5,4.5,64.5,,0,0,1,0,0,1,0
Baby Blues,2002,87,NA,5.6,15,34.5,4.5,4.5,0,0,0,0,24.5,0,34.5,,0,0,0,1,0,0,0
Cool Cat,1967,6,NA,6,11,0,0,4.5,0,34.5,0,0,14.5,0,34.5,,0,1,1,0,0,0,1
Droid,1988,70,NA,5.2,7,24.5,0,0,14.5,0,0,14.5,0,0,44.5,,0,0,0,0,0,0,0
Calmos,1976,81,NA,5.5,44,4.5,4.5,4.5,4.5,14.5,4.5,14.5,14.5,14.5,24.5,,0,0,1,0,0,0,0
Charlie Chan in Paris,1935,72,110000,7,199,4.5,0,4.5,4.5,4.5,14.5,14.5,14.5,24.5,24.5,,0,0,0,0,0,0,0
Irma & Floyd,1994,27,NA,8.6,7,14.5,0,0,0,0,0,0,0,14.5,74.5,,0,0,1,1,0,0,1
Moving,2002,97,9000,7.9,9,0,0,24.5,0,0,0,24.5,34.5,14.5,14.5,,0,0,1,0,0,0,0
Four Dogs Playing Poker,2000,97,NA,5.7,496,4.5,4.5,4.5,14.5,14.5,24.5,14.5,4.5,4.5,4.5,R,0,0,0,0,0,0,0
Gift of Gab,1934,70,NA,3.6,15,4.5,14.5,24.5,4.5,14.5,14.5,0,0,4.5,14.5,,0,0,1,0,0,0,0
Hitonatsu no taiken: aoi sangosho,1981,68,NA,5.2,28,0,4.5,14.5,14.5,14.5,14.5,14.5,0,4.5,14.5,,0,0,0,0,0,0,0
Desperadoes of Dodge City,1948,60,NA,6.3,5,0,0,0,0,24.5,0,84.5,0,0,0,,0,0,0,0,0,0,0
Clair de femme,1979,102,NA,6.1,82,4.5,4.5,4.5,4.5,4.5,14.5,14.5,14.5,14.5,4.5,,0,0,0,1,0,0,0
5 tombe per un medium,1965,85,NA,4.8,34,4.5,4.5,4.5,4.5,14.5,14.5,14.5,4.5,14.5,4.5,,0,0,0,0,0,0,0
Deep Down,1994,85,NA,3.5,43,4.5,14.5,14.5,4.5,14.5,14.5,4.5,4.5,4.5,14.5,R,0,0,0,0,0,0,0
"Big T.N.T. Show, The",1966,93,NA,7.7,51,4.5,4.5,4.5,4.5,0,4.5,14.5,24.5,4.5,34.5,,0,0,0,0,1,0,0
Il faut tuer Birgit Haas,1981,105,NA,6.5,41,0,0,4.5,0,4.5,24.5,24.5,14.5,4.5,4.5,,0,0,0,0,0,0,0
"Camorrista, Il",1985,168,NA,6.1,42,4.5,4.5,4.5,0,4.5,24.5,14.5,14.5,14.5,14.5,,0,0,0,0,0,0,0
Murder by the Clock,1931,76,NA,6.3,14,0,0,0,4.5,14.5,14.5,34.5,4.5,4.5,14.5,,0,0,0,0,0,0,0
Snowriders II,1997,95,NA,3.5,13,24.5,0,0,0,4.5,14.5,14.5,0,0,34.5,,0,0,0,0,1,0,0
Aashirwad,1968,146,NA,8.6,11,0,0,0,0,14.5,0,0,14.5,14.5,44.5,,0,0,0,1,0,0,0
Killer Image,1992,94,NA,4.1,41,4.5,4.5,14.5,14.5,14.5,14.5,4.5,4.5,0,4.5,,0,0,0,0,0,0,0
Fore Play,1975,75,NA,4.6,6,0,0,14.5,0,0,14.5,0,34.5,14.5,14.5,,0,0,1,0,0,0,0
Aye zohaye zamin,2001,81,NA,4.9,8,0,0,0,24.5,14.5,0,34.5,14.5,14.5,0,,0,0,0,0,0,0,0
Dream a Little Dream,1989,114,NA,5.2,995,4.5,4.5,4.5,4.5,14.5,14.5,14.5,4.5,4.5,24.5,,0,0,1,1,0,0,0
Day of the Dead,1957,15,NA,3,11,14.5,0,4.5,0,0,4.5,14.5,0,0,44.5,,0,0,0,0,1,0,1
"Door with Seven Locks, The",1940,79,NA,5.9,51,0,4.5,4.5,4.5,4.5,34.5,14.5,14.5,4.5,0,,0,0,0,1,0,0,0
Total western,2000,84,NA,6.4,181,4.5,4.5,4.5,4.5,14.5,4.5,24.5,24.5,14.5,4.5,,1,0,0,1,0,0,0
"Thief & the Stripper, The",1998,84,NA,3,10,24.5,24.5,0,14.5,0,0,14.5,14.5,0,34.5,R,0,0,0,1,0,0,0
Maid of Salem,1937,85,NA,6.4,36,4.5,0,0,4.5,4.5,14.5,34.5,24.5,4.5,4.5,,0,0,0,1,0,0,0
Ach du lieber Harry,1981,85,NA,5.1,54,4.5,4.5,4.5,4.5,24.5,24.5,14.5,4.5,0,4.5,,0,0,1,0,0,0,0
"Pebble and the Penguin, The",1995,74,NA,4.5,173,14.5,4.5,14.5,14.5,14.5,14.5,4.5,4.5,4.5,14.5,,0,1,0,0,0,0,0
Dance with Me,1997,9,NA,6,5,24.5,0,0,0,0,44.5,0,0,0,44.5,,0,0,0,0,0,0,1
This Is Not a Love Story,2002,81,1000000,4.2,9,14.5,14.5,0,0,14.5,34.5,14.5,0,0,24.5,,0,0,1,1,0,0,0
"Journey to Avebury, A",1971,10,NA,5.4,13,4.5,4.5,0,14.5,4.5,24.5,0,24.5,0,14.5,,0,0,0,0,0,0,1
To the Public Danger,1948,43,NA,6.8,18,0,4.5,4.5,14.5,14.5,14.5,34.5,14.5,4.5,0,,0,0,0,1,0,0,1
It Lives Again,1978,68,NA,4.3,192,4.5,4.5,14.5,14.5,14.5,24.5,4.5,4.5,4.5,4.5,,0,0,0,0,0,0,0
"Weapon, The",1957,77,NA,5.9,7,0,0,0,14.5,14.5,14.5,24.5,0,0,24.5,,0,0,0,0,0,0,0
Northeast of Seoul,1972,84,NA,4.4,12,14.5,0,0,44.5,14.5,4.5,0,0,0,14.5,,1,0,0,0,0,0,0
Cortigiana di Babilonia,1955,105,NA,5.3,21,0,14.5,0,4.5,14.5,24.5,4.5,4.5,4.5,14.5,,1,0,0,1,0,0,0
Three Kings,1999,114,48000000,7.3,31503,4.5,4.5,4.5,4.5,4.5,14.5,24.5,24.5,14.5,14.5,R,1,0,1,1,0,0,0
"Sustitutos, Los",2003,15,NA,8.4,5,0,0,0,0,0,24.5,0,44.5,0,44.5,,1,0,0,0,0,0,1
"Bons Tempos Voltaram: Vamos Gozar Outra Vez, Os",1985,115,NA,7.6,14,0,0,4.5,4.5,14.5,4.5,4.5,14.5,4.5,34.5,,0,0,1,0,0,0,0
"Yor, the Hunter from the Future",1983,88,NA,2.5,418,34.5,14.5,4.5,4.5,4.5,4.5,4.5,4.5,4.5,14.5,,0,0,0,0,0,0,0
Nevada,1997,108,NA,4.6,131,14.5,4.5,4.5,14.5,14.5,14.5,14.5,4.5,4.5,4.5,,0,0,0,1,0,0,0
Devot,2003,89,NA,8.7,87,14.5,4.5,4.5,4.5,4.5,14.5,4.5,14.5,14.5,24.5,,0,0,0,1,0,0,0
Late Bloomers,1996,104,NA,6.1,96,4.5,4.5,4.5,4.5,4.5,4.5,14.5,14.5,14.5,24.5,,0,0,1,0,0,0,0
"Right to Live, The",1935,75,NA,6,5,0,0,0,0,0,64.5,24.5,0,0,24.5,,0,0,0,1,0,0,0
Foxhole in Cairo,1961,80,NA,4.9,24,4.5,0,0,24.5,24.5,14.5,14.5,4.5,4.5,0,,0,0,0,1,0,0,0
"Totale!, La",1991,102,NA,6.3,210,4.5,4.5,4.5,4.5,4.5,24.5,34.5,14.5,4.5,4.5,,0,0,1,0,0,0,0
War Arrow,1953,78,NA,5.4,56,0,4.5,4.5,14.5,24.5,14.5,14.5,4.5,0,4.5,,0,0,0,0,0,0,0
Be Good Daniel,2004,20,4000,5.7,8,14.5,14.5,14.5,0,0,14.5,14.5,0,14.5,24.5,,0,0,1,0,0,1,1
Twisted Sheets,1996,14,NA,5.5,9,0,0,0,0,44.5,0,24.5,14.5,14.5,14.5,,0,0,1,0,0,0,1
"Parole Officer, The",2001,93,NA,6.3,1047,4.5,4.5,4.5,4.5,4.5,14.5,34.5,14.5,4.5,4.5,R,0,0,1,0,0,0,0
Boin-n-g,1963,70,NA,1.2,11,64.5,14.5,4.5,0,0,0,0,4.5,0,0,,0,0,1,0,0,0,0
Knockout,1941,73,NA,6.1,20,0,0,14.5,14.5,14.5,34.5,34.5,0,0,14.5,,0,0,0,1,0,0,0
Remote Control,1930,65,NA,5.6,13,4.5,0,0,4.5,14.5,24.5,34.5,4.5,4.5,0,,0,0,1,1,0,0,0
Daitozoku,1963,96,NA,5,21,4.5,4.5,0,4.5,4.5,14.5,14.5,14.5,0,24.5,,1,0,0,0,0,0,0
Plumbing Is a 'Pipe',1938,7,NA,7.2,12,0,0,4.5,0,0,14.5,4.5,34.5,14.5,14.5,,0,1,1,0,0,0,1
"Unknown, The",1927,49,NA,7.9,539,4.5,4.5,4.5,4.5,4.5,4.5,14.5,24.5,24.5,24.5,,0,0,0,1,0,1,0
Juke-Bar,1989,10,NA,6.4,30,0,0,4.5,14.5,4.5,14.5,24.5,24.5,4.5,14.5,,0,1,1,0,0,0,1
Ghoulies II,1987,89,NA,3.3,319,14.5,14.5,14.5,14.5,14.5,4.5,4.5,4.5,4.5,4.5,,0,0,1,0,0,0,0
Border Cafe,1937,67,NA,4,8,14.5,0,24.5,14.5,34.5,0,0,0,0,14.5,,0,0,0,0,0,1,0
"Girl Next Door, The",1953,92,NA,6.5,21,0,0,0,4.5,4.5,24.5,14.5,4.5,14.5,24.5,,0,0,1,0,0,0,0
Due soldi di speranza,1952,110,NA,6.7,21,0,0,0,4.5,4.5,4.5,14.5,24.5,14.5,4.5,,0,0,1,1,0,0,0
Hyper Space,1989,81,NA,3.6,13,44.5,0,14.5,14.5,4.5,4.5,0,0,0,4.5,,0,0,0,0,0,0,0
Jerry and Jumbo,1953,7,NA,7.3,33,4.5,4.5,0,0,4.5,4.5,34.5,24.5,4.5,4.5,,0,1,1,0,0,0,1
"Honeymooners, The",2003,89,NA,4.7,35,4.5,4.5,4.5,14.5,4.5,14.5,14.5,4.5,4.5,24.5,,0,0,1,0,0,0,0
"Power of One, The",1992,127,NA,6.7,1947,4.5,4.5,4.5,4.5,4.5,4.5,14.5,14.5,14.5,24.5,,0,0,0,1,0,0,0
Merlin,1992,115,NA,3.8,70,24.5,4.5,14.5,14.5,14.5,14.5,14.5,4.5,4.5,4.5,,1,0,0,0,0,0,0
"Buena vida, La",1996,107,NA,6.8,164,0,0,4.5,4.5,4.5,14.5,34.5,24.5,4.5,4.5,,0,0,1,1,0,0,0
My Cousin Vinny,1992,120,11000000,7.2,10877,4.5,4.5,4.5,4.5,4.5,14.5,24.5,24.5,14.5,14.5,R,0,0,1,0,0,0,0
"Hasty Marriage, The",1931,21,NA,7.8,9,0,0,0,0,14.5,14.5,24.5,24.5,24.5,14.5,,0,0,1,0,0,0,1
"Pactole, Le",1985,90,NA,6.4,11,0,0,0,0,14.5,24.5,34.5,0,0,14.5,,0,0,0,0,0,0,0
Cudnovate zgode segrta Hlapica,1997,75,NA,3.3,13,24.5,0,0,0,0,14.5,14.5,4.5,24.5,14.5,,0,1,0,0,0,0,0
Destiny,1944,65,NA,5.6,6,0,0,0,0,14.5,14.5,14.5,34.5,14.5,0,,0,0,0,1,0,0,0
Edge of Eternity,1959,80,700000,5.8,44,4.5,0,4.5,4.5,24.5,24.5,24.5,4.5,0,4.5,,1,0,0,1,0,0,0
You and Your Five Senses,1955,8,NA,7.2,11,0,0,0,0,4.5,4.5,44.5,14.5,0,14.5,,0,1,0,0,0,0,1
How to Succeed in Business Without Really Trying,1967,121,NA,7,627,4.5,4.5,4.5,4.5,4.5,14.5,24.5,24.5,14.5,14.5,,0,0,1,0,0,0,0
"Letter to True, A",2004,78,NA,6,23,4.5,0,4.5,4.5,14.5,14.5,34.5,4.5,4.5,14.5,,0,0,0,0,1,0,0
7 Wise Dwarfs,1941,4,NA,6,35,0,0,4.5,4.5,14.5,34.5,24.5,4.5,0,4.5,,0,1,0,0,0,0,1
"Cock-Eyed World, The",1929,118,661315,5.9,11,0,0,0,14.5,34.5,0,14.5,4.5,4.5,4.5,,0,0,1,0,0,0,0
Perekhvat,1986,87,NA,7.5,8,0,0,14.5,0,14.5,14.5,0,0,45.5,14.5,,1,0,0,0,0,0,0
Innerspace,1987,120,NA,6.4,7354,4.5,4.5,4.5,4.5,14.5,24.5,34.5,14.5,4.5,4.5,,1,0,1,0,0,0,0
Time Walker,1982,83,750000,2.4,170,34.5,14.5,14.5,4.5,4.5,4.5,4.5,4.5,4.5,4.5,,0,0,0,0,0,0,0
Bad Girls in the Movies,1986,56,NA,5.1,5,0,0,0,24.5,24.5,0,0,24.5,24.5,24.5,,0,0,0,0,1,0,0
"Return of Draw Egan, The",1916,50,NA,7.6,6,0,0,0,0,0,14.5,0,14.5,34.5,34.5,,0,0,0,0,0,0,1
Take a Girl Like You,1970,101,NA,4.5,16,4.5,14.5,0,4.5,14.5,14.5,14.5,4.5,14.5,14.5,,0,0,1,0,0,0,0
Plunder of the Sun,1953,81,NA,4.6,12,4.5,14.5,4.5,4.5,4.5,0,4.5,14.5,4.5,14.5,,1,0,0,1,0,0,0
"Evil Cameraman, The",1990,12,NA,4.8,33,14.5,4.5,4.5,4.5,14.5,4.5,14.5,14.5,4.5,14.5,,0,0,0,0,0,0,1
Strange Interlude,1932,109,408000,5.8,97,4.5,14.5,4.5,4.5,4.5,14.5,14.5,14.5,4.5,14.5,,0,0,0,1,0,0,0
Gold Diggers of 1935,1935,98,NA,6.9,204,0,4.5,4.5,4.5,4.5,14.5,24.5,24.5,4.5,14.5,,0,0,0,0,0,0,0
Bice skoro propast sveta,1968,84,NA,6.1,21,4.5,0,0,4.5,14.5,14.5,4.5,14.5,24.5,14.5,,0,0,0,1,0,0,0
"Baigneuses, Les",2003,83,NA,5,23,14.5,0,14.5,4.5,24.5,14.5,14.5,0,4.5,4.5,,0,0,0,1,0,0,0
Some Days,2003,4,NA,4.2,6,0,14.5,34.5,14.5,0,14.5,14.5,0,0,0,,0,0,0,0,0,0,1
Zone Troopers,1986,86,NA,5,126,4.5,4.5,4.5,14.5,14.5,14.5,14.5,4.5,4.5,14.5,,0,0,0,0,0,0,0
Studie Nr. 7,1931,3,NA,8.5,20,4.5,0,0,0,0,4.5,24.5,24.5,24.5,24.5,,0,0,0,0,0,0,1
"Tranquillo posto di campagna, Un",1969,106,NA,5.3,31,4.5,4.5,0,4.5,14.5,4.5,14.5,24.5,4.5,4.5,,0,0,0,0,0,0,0
Evelyn: The Cutest Evil Dead Girl,2002,8,NA,7.4,81,4.5,4.5,4.5,4.5,4.5,4.5,14.5,14.5,14.5,14.5,,0,0,1,0,0,0,1
"Skrupellosen.com, Die",2003,89,NA,5,19,4.5,0,14.5,14.5,24.5,24.5,14.5,0,0,0,,0,0,1,0,0,0,0
Confidence Girl,1952,81,NA,5.4,8,0,0,0,14.5,34.5,24.5,24.5,0,0,0,,0,0,0,1,0,0,0
Lurkers,1988,90,NA,3,31,14.5,14.5,14.5,14.5,4.5,0,14.5,4.5,4.5,4.5,,0,0,0,0,0,0,0
Half-Shot Shooters,1936,19,NA,7.3,67,4.5,0,4.5,0,4.5,4.5,24.5,14.5,14.5,24.5,,0,0,1,0,0,0,1
Anjos do Arrabalde,1987,90,NA,7.7,23,0,0,0,0,14.5,4.5,4.5,24.5,34.5,24.5,,0,0,0,1,0,0,0
Ben-Hur,1925,151,3900000,8,848,4.5,4.5,4.5,4.5,4.5,4.5,14.5,24.5,24.5,24.5,,0,0,0,1,0,1,0
"See Here, Private Hargrove",1944,100,NA,7.2,50,0,4.5,4.5,4.5,4.5,14.5,24.5,24.5,14.5,14.5,,0,0,1,0,0,0,0
Cameras Take Five,2003,3,NA,6.7,8,0,0,0,0,34.5,14.5,0,24.5,14.5,14.5,,0,1,0,0,0,0,1
Free Willy 3: The Rescue,1997,86,NA,4,641,14.5,4.5,14.5,14.5,14.5,14.5,4.5,4.5,4.5,4.5,PG,0,0,0,1,0,0,0
Frankenweenie,1984,29,NA,7.2,1244,4.5,4.5,4.5,4.5,4.5,14.5,24.5,24.5,14.5,14.5,,0,0,1,0,0,0,1
"Grey Zone, The",2001,108,5000000,7.3,1553,4.5,4.5,4.5,4.5,4.5,14.5,24.5,24.5,14.5,14.5,R,0,0,0,1,0,0,0
Fine mrtve djevojke,2002,77,NA,7.2,153,14.5,4.5,4.5,4.5,4.5,4.5,14.5,14.5,14.5,24.5,,0,0,0,1,0,0,0
Saturn 3,1980,88,NA,4.4,1089,4.5,4.5,14.5,14.5,14.5,14.5,14.5,4.5,4.5,4.5,,0,0,0,0,0,0,0
Heat,1972,102,NA,6,289,4.5,4.5,4.5,4.5,4.5,14.5,14.5,14.5,14.5,24.5,,0,0,1,1,0,0,0
Cialo,2003,98,NA,6.5,121,4.5,4.5,0,4.5,4.5,14.5,24.5,24.5,4.5,14.5,,0,0,1,0,0,0,0
Little Boy Blue,1997,105,NA,6.3,453,4.5,4.5,4.5,4.5,4.5,14.5,24.5,24.5,14.5,14.5,R,0,0,0,1,0,0,0
"Wild Bunch: An Album in Montage, The",1996,34,NA,7.2,68,0,4.5,4.5,4.5,4.5,14.5,24.5,24.5,4.5,14.5,,0,0,0,0,1,0,1
Deadline Auto Theft,1983,98,NA,5,11,4.5,4.5,0,0,24.5,0,24.5,0,0,24.5,,1,0,0,0,0,0,0
Tevya,1939,93,70000,6.4,46,4.5,4.5,4.5,4.5,4.5,4.5,14.5,14.5,24.5,14.5,,0,0,0,1,0,0,0
Piranha Part Two: The Spawning,1981,84,NA,2.8,773,24.5,14.5,14.5,14.5,4.5,4.5,4.5,4.5,4.5,4.5,,0,0,0,0,0,1,0
"Romana, La",1954,96,NA,5.5,11,0,0,4.5,4.5,4.5,24.5,4.5,14.5,0,14.5,,0,0,0,1,0,0,0
Donald and Pluto,1936,8,NA,6.9,66,4.5,0,4.5,4.5,4.5,14.5,24.5,24.5,14.5,14.5,,0,1,1,0,0,0,1
Gumiho,1994,115,NA,5.2,23,4.5,0,4.5,14.5,24.5,24.5,4.5,4.5,0,4.5,,0,0,0,0,0,1,0
Ernstfall in Havanna,2002,86,NA,6.5,142,4.5,4.5,4.5,4.5,4.5,14.5,24.5,24.5,14.5,4.5,,0,0,1,0,0,0,0
Boardwalk,1979,98,NA,5.8,20,0,4.5,4.5,14.5,14.5,24.5,14.5,4.5,4.5,34.5,,0,0,0,1,0,0,0
"Armadio, L'",2002,7,NA,5.4,37,14.5,4.5,4.5,4.5,4.5,4.5,14.5,14.5,4.5,24.5,,0,0,0,0,0,0,1
"Incredible Sarah, The",1976,106,NA,5.2,25,4.5,0,0,24.5,14.5,24.5,24.5,4.5,4.5,4.5,,0,0,0,1,0,0,0
Intimate Obsession,1992,91,NA,3,56,14.5,14.5,14.5,4.5,14.5,14.5,4.5,4.5,4.5,14.5,,0,0,0,0,0,1,0
"Godson, The",1998,100,NA,2.8,397,34.5,14.5,4.5,4.5,4.5,4.5,4.5,4.5,4.5,14.5,PG-13,0,0,1,0,0,0,0
Dead of Night,1977,76,NA,7.2,18,0,4.5,0,14.5,0,14.5,34.5,14.5,4.5,14.5,,0,0,0,0,0,0,0
Transylvania Mania,1968,7,NA,6.8,6,0,0,0,0,14.5,34.5,0,34.5,0,14.5,,0,1,0,0,0,0,1
"Sacco bello, Un",1980,99,NA,7.2,135,4.5,4.5,0,4.5,4.5,4.5,24.5,14.5,14.5,24.5,,0,0,1,0,0,0,0
Everything's Jake,2000,92,900000,6.7,12,34.5,0,0,0,14.5,0,4.5,14.5,0,24.5,,0,0,1,1,0,0,0
Don Sanche,1970,30,NA,7.6,14,0,0,0,4.5,0,4.5,14.5,14.5,14.5,44.5,,0,1,0,0,0,0,1
Zhou Yu de huo che,2002,97,NA,6.3,189,4.5,4.5,4.5,4.5,4.5,24.5,24.5,14.5,4.5,4.5,PG-13,0,0,0,1,0,1,0
Susanna tutta panna,1958,80,NA,5.6,6,0,0,0,0,34.5,14.5,34.5,0,14.5,0,,0,0,1,0,0,0,0
Yellowbeard,1983,96,NA,5.3,1464,4.5,4.5,4.5,4.5,14.5,14.5,14.5,14.5,4.5,14.5,,1,0,1,0,0,0,0
"Mummy's Tomb, The",1942,71,NA,5.3,189,4.5,4.5,4.5,4.5,24.5,24.5,14.5,4.5,4.5,4.5,,0,0,0,0,0,0,0
Secret Service of the Air,1939,61,NA,3.6,25,24.5,4.5,4.5,4.5,4.5,24.5,24.5,0,4.5,4.5,,1,0,0,1,0,0,0
Ruoma de shi sui,2002,88,NA,7.5,19,0,0,0,0,4.5,0,14.5,24.5,14.5,44.5,,0,0,0,0,0,0,0
Lian'ai qiyi,2001,90,NA,4.9,18,4.5,0,14.5,0,14.5,24.5,14.5,14.5,4.5,14.5,,0,0,0,0,0,0,0
Insatiable,1980,87,NA,6.5,157,4.5,4.5,4.5,4.5,4.5,14.5,14.5,14.5,14.5,24.5,,0,0,0,0,0,0,0
Peg o' My Heart,1933,87,623000,5.9,43,4.5,4.5,4.5,4.5,14.5,14.5,14.5,14.5,4.5,24.5,,0,0,0,1,0,1,0
Noi vivi,1942,174,NA,7.7,59,4.5,0,0,0,4.5,4.5,14.5,14.5,14.5,44.5,,0,0,0,1,0,0,0
Devil's Messenger,1961,72,NA,4.4,16,14.5,0,0,4.5,74.5,0,0,4.5,0,0,,0,0,0,0,0,0,0
P & B,1983,109,NA,6.2,71,4.5,4.5,4.5,4.5,14.5,24.5,14.5,24.5,4.5,4.5,,0,0,0,1,0,0,0
Cavalca e uccidi,1964,82,NA,4.6,8,0,14.5,0,34.5,24.5,24.5,0,0,0,0,,0,0,0,0,0,0,0
Triumph des Willens,1935,110,NA,7.3,1697,4.5,4.5,4.5,4.5,4.5,4.5,14.5,14.5,14.5,34.5,,0,0,0,0,1,0,0
"Secret Land, The",1948,71,NA,7.7,21,0,0,0,0,4.5,14.5,14.5,24.5,4.5,34.5,,0,0,0,0,1,0,0
Aria dla atlety,1980,108,NA,6.8,15,0,0,0,0,4.5,24.5,14.5,24.5,24.5,14.5,,0,0,0,0,0,0,0
"Stein des Todes, Der",1987,93,NA,3.9,13,4.5,14.5,4.5,0,14.5,14.5,4.5,0,4.5,24.5,,1,0,0,0,0,0,0
"Honorable, The",2002,88,50000,6.8,30,24.5,4.5,0,0,4.5,4.5,14.5,4.5,4.5,44.5,,0,0,0,0,0,0,0
"Marauders, The",1947,63,NA,7.2,11,0,0,0,0,4.5,0,4.5,14.5,24.5,34.5,,1,0,0,0,0,0,0
"Vida que te espera, La",2004,100,NA,6.3,57,0,4.5,0,4.5,4.5,14.5,44.5,14.5,14.5,4.5,,0,0,0,1,0,0,0
"Beast of Hollow Mountain, The",1956,81,NA,5,86,0,4.5,14.5,14.5,24.5,14.5,4.5,4.5,4.5,14.5,,0,0,0,0,0,0,0
Cattle Annie and Little Britches,1981,97,NA,5.8,110,4.5,4.5,4.5,4.5,14.5,14.5,24.5,14.5,4.5,4.5,,0,0,0,0,0,0,0
Fast and Furious,1939,73,NA,6.2,32,0,0,4.5,4.5,24.5,24.5,24.5,4.5,14.5,0,,0,0,1,0,0,0,0
Donald's Ostrich,1937,9,NA,6.7,65,4.5,0,4.5,4.5,24.5,14.5,24.5,14.5,4.5,4.5,,0,1,1,0,0,0,1
"Beautiful Country, The",2004,137,6000000,6.9,115,14.5,4.5,4.5,4.5,4.5,4.5,14.5,24.5,14.5,24.5,R,0,0,0,1,0,0,0
Land of Look Behind,1982,90,NA,9.1,14,0,0,0,0,0,0,24.5,4.5,4.5,64.5,,0,0,0,0,1,0,0
Sweet Home Alabama,2002,108,38000000,5.8,9943,4.5,4.5,4.5,4.5,14.5,24.5,24.5,14.5,4.5,4.5,PG-13,0,0,1,1,0,1,0
Borderline,1950,88,NA,5.9,61,4.5,4.5,4.5,4.5,14.5,34.5,14.5,4.5,4.5,4.5,,0,0,0,1,0,0,0
"Caveman's Valentine, The",2001,105,NA,6,1505,4.5,4.5,4.5,4.5,14.5,24.5,24.5,14.5,4.5,4.5,R,0,0,0,1,0,0,0
Evilio,1992,10,NA,4.7,25,14.5,4.5,4.5,4.5,14.5,14.5,14.5,4.5,4.5,24.5,,0,0,1,0,0,0,1
One Perfect Day,2004,106,NA,5.7,136,14.5,4.5,4.5,4.5,4.5,14.5,4.5,14.5,4.5,24.5,,0,0,0,1,0,0,0
"Hombre que se quiso matar, El",1970,91,NA,6.5,5,0,0,0,0,0,64.5,24.5,24.5,0,0,,0,0,1,0,0,0,0
Mu Sa Do,2002,93,NA,3.6,24,24.5,4.5,4.5,0,4.5,0,14.5,24.5,4.5,4.5,R,1,0,0,0,0,0,0
Hans Staden,1999,92,NA,6.8,63,4.5,0,4.5,4.5,14.5,14.5,24.5,24.5,14.5,4.5,,0,0,0,0,0,0,0
Night Moves,1975,100,NA,6.8,759,4.5,4.5,4.5,4.5,4.5,14.5,24.5,14.5,14.5,14.5,,0,0,0,0,0,0,0
Swat the Fly,1935,6,NA,5.5,18,0,0,24.5,0,14.5,24.5,14.5,0,4.5,4.5,,0,1,0,0,0,0,1
Night of Dark Shadows,1971,129,900000,4.6,139,4.5,4.5,4.5,4.5,14.5,4.5,14.5,14.5,4.5,34.5,,0,0,0,0,0,0,0
Prison sans barreaux,1938,98,NA,8.4,6,0,0,0,0,0,0,14.5,34.5,14.5,34.5,,0,0,0,1,0,0,0
Women Without Wings,2002,109,NA,3.3,7,0,0,44.5,0,14.5,24.5,0,0,0,14.5,,0,0,0,1,0,0,0
Shan-chung ch'uan-ch'i,1979,130,NA,6.8,29,0,0,0,0,14.5,4.5,34.5,24.5,14.5,14.5,,0,0,0,0,0,0,0
Ich vertraue Dir meine Frau an,1943,86,NA,4.9,16,0,0,14.5,0,14.5,14.5,34.5,14.5,4.5,4.5,,0,0,1,0,0,0,0
Gloria,1999,108,30000000,4.9,1144,4.5,4.5,4.5,14.5,24.5,14.5,14.5,4.5,4.5,4.5,R,0,0,0,1,0,0,0
A2,2001,131,NA,8.8,5,0,0,0,0,0,0,24.5,24.5,24.5,44.5,,0,0,0,0,0,0,0
"Kids Are Alright, The",1979,101,2000000,7.6,753,4.5,4.5,4.5,4.5,4.5,4.5,14.5,24.5,14.5,44.5,,0,0,0,0,1,0,0
No Dough Boys,1944,17,NA,7.6,52,0,4.5,4.5,4.5,4.5,14.5,14.5,4.5,14.5,24.5,,0,0,1,0,0,0,1
Famous,2000,90,NA,6.1,252,4.5,4.5,4.5,4.5,14.5,14.5,14.5,14.5,4.5,14.5,PG-13,0,0,1,1,0,0,0
Nouvelle vague,1990,89,NA,6.1,162,14.5,4.5,4.5,4.5,4.5,14.5,4.5,14.5,4.5,24.5,,0,0,0,1,0,0,0
Tomei ningen,1954,70,NA,5.1,7,0,0,0,0,45.5,0,14.5,24.5,0,0,,0,0,0,0,0,0,0
Pleasantville,1976,85,NA,5.2,28,14.5,0,0,4.5,24.5,4.5,4.5,24.5,4.5,4.5,,0,0,0,0,0,0,0
L.A. Plays Itself,1972,55,NA,6,11,0,4.5,0,0,14.5,24.5,4.5,4.5,14.5,4.5,,0,0,0,0,0,0,0
Hell in the Heavens,1934,79,NA,5.9,5,0,0,0,0,64.5,0,0,24.5,24.5,0,,0,0,0,1,0,0,0
My Name Is Modesty: A Modesty Blaise Adventure,2003,78,NA,4.3,203,14.5,4.5,4.5,14.5,4.5,14.5,14.5,4.5,4.5,14.5,R,0,0,0,1,0,0,0
"Deli, The",1997,99,NA,3.7,140,14.5,4.5,4.5,14.5,14.5,14.5,4.5,14.5,4.5,14.5,,0,0,1,1,0,0,0
"Second Jungle Book: Mowgli & Baloo, The",1997,88,NA,4.7,113,14.5,4.5,14.5,24.5,14.5,14.5,4.5,4.5,4.5,14.5,PG,0,0,0,0,0,0,0
"Coraje del pueblo, El",1971,90,NA,8,8,0,0,0,0,0,0,14.5,24.5,14.5,45.5,,0,0,0,0,0,0,0
"Gafe, El",1959,85,NA,5,6,0,0,34.5,0,34.5,0,14.5,0,14.5,0,,0,0,1,0,0,0,0
Deathstalker,1983,80,NA,3.5,279,14.5,14.5,14.5,14.5,14.5,4.5,4.5,4.5,4.5,14.5,,1,0,0,0,0,0,0
"Thundering Herd, The",1933,62,NA,5.9,13,0,0,0,4.5,34.5,34.5,14.5,4.5,0,0,,0,0,0,0,0,0,0
One Romantic Night,1930,73,NA,4.5,6,0,14.5,14.5,0,0,0,34.5,34.5,0,0,,0,0,1,0,0,1,0
Wo zhe yi bei zi,1950,120,NA,8.6,9,0,0,0,0,0,0,14.5,24.5,34.5,34.5,,0,0,0,0,0,0,0
Alibi,1955,103,NA,6,10,0,0,0,0,14.5,64.5,14.5,24.5,0,0,,0,0,0,0,0,0,0
"Grand jeu, Le",1954,100,NA,5.6,9,0,0,0,24.5,14.5,14.5,24.5,14.5,0,24.5,,0,0,0,1,0,0,0
Emmanuelle's Magic,1992,90,NA,2.3,49,24.5,4.5,4.5,4.5,4.5,4.5,4.5,4.5,4.5,44.5,,0,0,0,1,0,1,0
"United States of Leland, The",2003,108,NA,7,1788,4.5,4.5,4.5,4.5,4.5,14.5,24.5,24.5,14.5,24.5,R,0,0,0,1,0,0,0
Dracula Exotica,1981,100,NA,4.7,24,14.5,4.5,4.5,0,4.5,4.5,4.5,14.5,4.5,24.5,,0,0,0,0,0,0,0
Postcards from the Future: The Chuck Palahniuk Documentary,2003,90,NA,7.8,34,0,0,0,0,0,4.5,4.5,14.5,4.5,64.5,,0,0,0,0,1,0,0
Double Frame,2000,93,NA,6.1,12,0,0,0,4.5,0,44.5,34.5,0,4.5,4.5,,0,0,0,0,0,0,0
Nije nego,1978,97,NA,8.3,7,0,0,14.5,0,0,0,0,24.5,14.5,44.5,,0,0,1,0,0,0,0
Sitting Pretty,1948,83,NA,7.6,232,4.5,4.5,0,4.5,4.5,4.5,14.5,24.5,14.5,34.5,,0,0,1,0,0,0,0
"Profesor hippie, El",1969,91,NA,5.3,6,0,14.5,34.5,0,0,45.5,0,0,0,0,,0,0,1,0,0,0,0
"Silence de la Mer, Le",1949,88,NA,8.1,110,4.5,0,0,0,4.5,4.5,14.5,24.5,24.5,24.5,,0,0,0,1,0,0,0
And Baby Makes Three,1949,84,700000,5.3,22,0,0,4.5,14.5,14.5,24.5,14.5,4.5,4.5,4.5,,0,0,1,0,0,1,0
Ariel,1988,73,NA,7.4,442,4.5,4.5,0,4.5,4.5,4.5,14.5,24.5,14.5,24.5,,0,0,1,1,0,1,0
Little Nellie Kelly,1940,98,665300,6.4,73,4.5,0,4.5,4.5,4.5,24.5,24.5,4.5,14.5,14.5,,0,0,0,0,0,0,0
Cleaning Up!,2002,78,NA,7.9,7,0,0,0,0,0,14.5,14.5,45.5,0,14.5,,0,0,0,0,1,0,0
"Dandy in Aspic, A",1968,107,NA,5.4,56,4.5,4.5,4.5,4.5,14.5,14.5,24.5,14.5,4.5,4.5,,0,0,0,1,0,0,0
Danger Within,1959,101,NA,6.8,49,0,0,0,4.5,4.5,14.5,24.5,34.5,24.5,4.5,,0,0,0,1,0,0,0
"Day with the Meatball, A",2002,2,NA,5.7,30,4.5,0,0,4.5,14.5,24.5,4.5,14.5,4.5,24.5,PG,0,0,1,0,0,0,1
Sweet and Lowdown,1999,95,NA,7.2,5811,4.5,4.5,4.5,4.5,4.5,14.5,24.5,24.5,14.5,4.5,PG-13,0,0,1,1,0,0,0
Galia,1966,105,NA,6.2,12,0,0,0,0,4.5,14.5,44.5,4.5,4.5,14.5,,0,0,0,1,0,0,0
Je vais craquer!!!,1980,89,NA,5.8,24,0,4.5,4.5,14.5,14.5,14.5,24.5,4.5,14.5,4.5,,0,0,0,0,0,0,0
As Young as You Feel,1951,77,NA,6.6,80,0,0,4.5,4.5,14.5,14.5,24.5,14.5,4.5,14.5,,0,0,1,0,0,0,0
Adamski,1994,89,NA,7.2,9,0,0,14.5,0,14.5,14.5,0,44.5,14.5,14.5,,0,0,1,0,0,1,0
"Education of Allison Tate, The",1986,88,NA,4.6,8,0,24.5,0,0,24.5,24.5,14.5,14.5,0,0,,0,0,0,0,0,0,0
Morbo,1972,88,NA,2.3,8,14.5,24.5,14.5,0,14.5,0,14.5,0,14.5,14.5,,0,0,0,1,0,0,0
Sette note in nero,1977,90,NA,6.2,119,4.5,4.5,4.5,4.5,4.5,14.5,24.5,14.5,14.5,14.5,,0,0,0,0,0,0,0
"Mapmaker, The",2001,92,NA,5.6,25,0,0,0,4.5,24.5,24.5,24.5,14.5,0,14.5,,0,0,0,0,0,0,0
"Fantasma del convento, El",1934,85,NA,7.1,11,0,0,0,0,0,4.5,14.5,0,14.5,45.5,,0,0,0,0,0,0,0
Maite,1994,92,NA,5.5,15,0,4.5,0,0,14.5,4.5,34.5,24.5,4.5,14.5,,0,0,1,0,0,1,0
"Lost Treasure of Sawtooth Island, The",1999,92,NA,4.7,37,14.5,4.5,4.5,24.5,4.5,4.5,4.5,4.5,4.5,24.5,PG,0,0,0,0,0,0,0
Afrika,2002,112,NA,5,43,14.5,4.5,4.5,4.5,24.5,14.5,14.5,4.5,4.5,4.5,,1,0,0,1,0,0,0
Introducing Barbii,1987,88,NA,7.9,5,0,0,0,0,24.5,64.5,0,24.5,0,0,,0,0,0,0,0,0,0
Floradas na Serra,1954,100,NA,7.3,13,0,0,0,0,0,4.5,14.5,34.5,24.5,14.5,,0,0,0,1,0,0,0
"Birthday Present, The",1957,100,NA,5.6,6,0,0,14.5,0,14.5,14.5,34.5,14.5,0,0,,0,0,0,1,0,0,0
Corn on the Cop,1965,6,NA,6,25,0,0,14.5,4.5,4.5,34.5,24.5,4.5,4.5,14.5,,0,1,1,0,0,0,1
Finis Hominis,1971,79,NA,6.5,15,0,0,0,0,14.5,14.5,44.5,4.5,24.5,4.5,,0,0,1,1,0,0,0
Sky Captain and the World of Tomorrow,2004,106,40000000,6.5,12579,4.5,4.5,4.5,4.5,4.5,14.5,24.5,14.5,14.5,14.5,PG,1,0,0,0,0,0,0
"Delantal de Lili, El",2004,90,NA,6.7,7,0,0,0,0,14.5,14.5,14.5,44.5,14.5,0,,0,0,1,0,0,0,0
Seja o que Deus Quiser,2002,90,NA,8.7,57,4.5,4.5,4.5,4.5,4.5,14.5,14.5,4.5,14.5,24.5,,0,0,1,0,0,0,0
Silent Scream,1980,87,NA,5,83,4.5,4.5,4.5,14.5,14.5,14.5,14.5,14.5,4.5,4.5,,0,0,0,0,0,0,0
Tonespor,1983,8,NA,6.4,8,0,0,0,24.5,0,14.5,14.5,34.5,14.5,0,,0,1,0,0,0,0,1
Nuts,1987,116,NA,6.4,1191,4.5,4.5,4.5,4.5,4.5,14.5,24.5,14.5,4.5,4.5,,0,0,0,1,0,0,0
"One Night Stand, A",1915,14,NA,4.4,8,14.5,14.5,14.5,14.5,34.5,14.5,0,0,0,0,,0,0,1,0,0,0,1
Raggare!,1959,88,NA,2.6,21,14.5,14.5,0,4.5,14.5,4.5,4.5,4.5,4.5,4.5,,0,0,0,1,0,0,0
You Said a Mouthful,1932,75,NA,6.4,44,0,0,4.5,4.5,14.5,24.5,24.5,24.5,4.5,4.5,,0,0,1,0,0,0,0
"Turn of the Screw, The",1994,95,NA,4.9,123,4.5,4.5,4.5,14.5,4.5,14.5,14.5,14.5,4.5,4.5,,0,0,0,0,0,0,0
"Tossede paradis, Det",1962,95,NA,6.5,15,0,24.5,0,14.5,4.5,0,44.5,24.5,0,0,,0,0,1,0,0,0,0
Journey of the Blob,1989,10,NA,6.2,6,0,14.5,14.5,0,0,0,14.5,14.5,0,34.5,,0,0,0,0,0,0,1
"Playgirl, The",1982,86,NA,5.6,11,0,4.5,4.5,0,14.5,4.5,4.5,14.5,14.5,4.5,,0,0,0,0,0,0,0
Como dos gotas de agua,1964,100,NA,1.7,6,34.5,34.5,0,14.5,0,0,0,0,0,14.5,,0,0,1,0,0,0,0
Infinity,1996,119,NA,6,454,4.5,4.5,4.5,4.5,14.5,14.5,14.5,14.5,14.5,14.5,PG,0,0,0,1,0,0,0
Hit and Runway,1999,108,1200000,6.7,189,4.5,4.5,4.5,4.5,4.5,14.5,14.5,24.5,14.5,14.5,R,0,0,1,0,0,0,0
Faustyna,1995,73,NA,5.5,13,4.5,0,4.5,0,0,14.5,0,14.5,14.5,34.5,,0,0,0,1,0,0,0
Cobra Mission,1985,85,NA,3.5,23,24.5,24.5,0,14.5,4.5,4.5,4.5,4.5,0,4.5,,1,0,0,0,0,0,0
Spasi i sokhrani,1989,150,NA,7.8,26,0,0,0,0,4.5,14.5,14.5,14.5,14.5,34.5,,0,0,0,1,0,0,0
"Mistero di Oberwald, Il",1981,129,NA,5.6,60,4.5,4.5,4.5,4.5,4.5,24.5,14.5,4.5,14.5,14.5,,0,0,0,1,0,1,0
"Black Mama, White Mama",1972,83,NA,4.5,215,4.5,4.5,4.5,14.5,14.5,14.5,14.5,4.5,4.5,14.5,,0,0,0,1,0,0,0
"Laisse aller, c'est une valse",1971,100,NA,6.3,28,0,0,4.5,14.5,4.5,14.5,14.5,14.5,14.5,14.5,,1,0,0,0,0,0,0
Shimaizaka,1985,100,NA,8.1,9,0,0,0,0,0,24.5,14.5,14.5,44.5,14.5,,0,0,0,0,0,0,0
Dunderklumpen!,1974,97,NA,6.7,172,0,4.5,4.5,4.5,14.5,14.5,14.5,14.5,14.5,24.5,,0,1,0,0,0,0,0
Tea with Mussolini,1999,117,12000000,6.7,2711,4.5,4.5,4.5,4.5,4.5,14.5,24.5,24.5,14.5,14.5,PG,0,0,1,1,0,0,0
"Place, La",2001,28,NA,8.8,5,0,0,0,0,0,24.5,0,0,44.5,44.5,,0,0,0,0,1,0,1
Scorned 2,1997,98,NA,3.8,68,14.5,14.5,14.5,14.5,14.5,4.5,14.5,14.5,4.5,4.5,R,0,0,0,1,0,0,0
"Mating of Millie, The",1948,87,NA,6.4,12,0,0,0,0,4.5,24.5,24.5,14.5,4.5,14.5,,0,0,1,0,0,0,0
Paris vu par...,1965,95,NA,6.4,58,4.5,4.5,0,4.5,14.5,14.5,14.5,14.5,14.5,14.5,,0,0,1,1,0,0,0
"Guru, the Mad Monk",1970,62,20000,3.2,23,24.5,14.5,14.5,4.5,0,14.5,4.5,0,14.5,4.5,,0,0,0,0,0,0,0
Old School,2000,88,NA,5.2,24,14.5,0,14.5,4.5,4.5,24.5,4.5,4.5,14.5,14.5,,0,0,0,0,0,0,0
Peggy Sue Got Married,1986,104,18000000,6.3,5797,4.5,4.5,4.5,4.5,14.5,24.5,24.5,14.5,4.5,4.5,,0,0,1,1,0,0,0
Flip,2004,15,8000,9.1,10,0,0,0,0,0,0,0,34.5,34.5,44.5,,0,0,0,0,0,0,1
Night Class,2001,90,NA,5.1,48,4.5,0,4.5,4.5,24.5,14.5,14.5,4.5,4.5,14.5,,0,0,0,0,0,0,0
"Bottomless Cup, The",2000,13,NA,7.3,19,0,0,0,0,0,34.5,0,44.5,14.5,4.5,,0,0,0,0,0,0,1
Go Tell the Spartans,1978,114,NA,6.7,335,4.5,4.5,4.5,4.5,4.5,14.5,24.5,24.5,14.5,14.5,,0,0,0,0,0,0,0
Prophet Without Honor,1939,11,NA,8,7,0,0,0,14.5,14.5,14.5,14.5,0,44.5,0,,0,0,0,1,0,0,1
Comedian,2002,82,NA,7,1566,4.5,4.5,4.5,4.5,4.5,14.5,24.5,24.5,4.5,4.5,,0,0,0,0,1,0,0
Desert Sands,1955,87,NA,5.2,17,0,4.5,4.5,0,34.5,14.5,14.5,14.5,0,4.5,,0,0,0,0,0,0,0
"Normanni, I",1962,79,NA,4.1,10,14.5,14.5,0,0,34.5,24.5,0,0,0,34.5,,0,0,0,0,0,0,0
Breaking Loose,1988,87,NA,2.8,12,14.5,14.5,0,14.5,24.5,4.5,0,4.5,4.5,0,,1,0,0,0,0,0,0
Crash Landing,1958,76,NA,5.5,8,0,0,14.5,0,34.5,14.5,24.5,0,0,14.5,,0,0,0,1,0,0,0
E poi lo chiamarono il magnifico,1972,123,NA,6.2,153,0,4.5,4.5,4.5,14.5,24.5,14.5,14.5,4.5,14.5,,1,0,1,0,0,0,0
Lune de miel,1985,98,NA,3.1,15,24.5,14.5,24.5,0,4.5,4.5,4.5,0,14.5,4.5,,0,0,0,0,0,0,0
Kontroll,2003,107,500000,7.8,1174,4.5,4.5,4.5,4.5,4.5,4.5,14.5,24.5,14.5,34.5,R,0,0,0,0,0,0,0
Nous deux,1992,93,NA,5.9,8,0,0,0,0,34.5,34.5,0,0,24.5,0,,0,0,0,0,0,0,0
Honigmond,1996,92,NA,4.9,21,14.5,14.5,24.5,14.5,4.5,0,4.5,4.5,0,4.5,,0,0,1,0,0,0,0
Terror in the Wax Museum,1973,93,NA,4.6,45,0,4.5,4.5,24.5,24.5,14.5,4.5,4.5,0,4.5,,0,0,0,0,0,0,0
"Loft Tapes: Student Films From Notre Dame, The",1999,110,NA,1,5,100,0,0,0,0,0,0,0,0,0,,0,0,0,0,0,0,0
"Reine Margot, La",1994,144,NA,7.5,3023,4.5,4.5,4.5,4.5,4.5,4.5,14.5,24.5,14.5,24.5,,0,0,0,1,0,1,0
Beta Som,1963,99,NA,6.3,5,0,0,0,0,44.5,0,44.5,0,0,24.5,,0,0,0,1,0,0,0
"Incredible Petrified World, The",1957,70,NA,3.1,57,14.5,14.5,24.5,24.5,14.5,4.5,4.5,0,0,4.5,,0,0,0,0,0,0,0
Speak White,1980,6,NA,7.8,11,4.5,0,0,0,0,4.5,4.5,24.5,14.5,24.5,,0,0,0,0,0,0,1
Surrender,1950,90,NA,6.4,7,0,0,0,0,24.5,44.5,14.5,0,0,14.5,,0,0,0,1,0,1,0
Black and Tan,1929,19,NA,6,41,4.5,0,0,4.5,14.5,14.5,14.5,4.5,4.5,24.5,,0,0,0,1,0,0,1
"Barbaric Beast of Boggy Creek, Part II, The",1985,94,NA,1.7,449,45.5,14.5,4.5,4.5,4.5,4.5,4.5,4.5,4.5,4.5,,0,0,0,1,0,0,0
Kyrkoherden,1970,90,NA,3.6,35,24.5,24.5,14.5,14.5,4.5,4.5,4.5,4.5,4.5,4.5,,0,0,1,0,0,0,0
Fright,1956,68,NA,4,6,14.5,0,0,45.5,14.5,0,0,14.5,0,0,,0,0,0,0,0,0,0
"Bee-Deviled Bruin, The",1949,7,NA,7.2,32,0,0,0,4.5,4.5,14.5,14.5,14.5,14.5,24.5,,0,1,1,0,0,0,1
Torpedo Run,1958,98,NA,6.4,226,4.5,4.5,4.5,4.5,14.5,24.5,34.5,14.5,4.5,4.5,,0,0,0,1,0,0,0
"Custodial Code, The",2003,15,12000,9.7,7,0,0,0,0,0,0,0,0,24.5,74.5,,0,0,1,0,0,0,1
Ginger Snaps: Unleashed,2004,94,3500000,6.6,1118,4.5,4.5,4.5,4.5,4.5,14.5,24.5,14.5,4.5,14.5,R,0,0,0,0,0,0,0
"Avonden, De",1989,125,NA,6.8,115,4.5,0,4.5,4.5,4.5,14.5,34.5,24.5,14.5,4.5,,0,0,0,1,0,0,0
Ringu,1998,96,1200000,7.4,8091,4.5,4.5,4.5,4.5,4.5,4.5,24.5,24.5,14.5,14.5,,0,0,0,0,0,0,0
"Deadly Secret, The",1994,98,NA,1.4,6,45.5,14.5,0,0,0,0,0,0,0,34.5,,0,0,0,0,0,0,0
"Juntos, in any way",1996,18,NA,9.2,6,0,0,0,0,0,0,0,34.5,14.5,45.5,,0,0,0,0,0,0,1
Rawhide Rangers,1941,56,NA,4.6,5,24.5,0,0,0,0,64.5,24.5,0,0,0,,0,0,0,0,0,0,0
Go Away Stowaway,1967,6,NA,6.5,10,0,0,0,0,24.5,14.5,44.5,24.5,0,14.5,,0,1,1,0,0,0,1
Used People,1992,115,NA,5.4,371,4.5,4.5,4.5,4.5,14.5,24.5,14.5,14.5,4.5,4.5,,0,0,1,1,0,0,0
Dot and the Koala,1985,70,NA,6.1,13,14.5,0,0,0,34.5,14.5,14.5,4.5,0,14.5,,0,1,0,0,0,0,0
Karnaval,1999,88,NA,6.9,142,4.5,4.5,4.5,4.5,4.5,14.5,24.5,24.5,14.5,4.5,,0,0,0,1,0,0,0
Doom Asylum,1987,77,NA,2.9,44,24.5,4.5,4.5,4.5,4.5,4.5,4.5,4.5,4.5,34.5,,0,0,1,0,0,0,0
Violent Shit 3 - Infantry of Doom,1999,85,NA,4.5,139,14.5,4.5,4.5,4.5,4.5,14.5,14.5,14.5,4.5,14.5,,1,0,0,0,0,0,0
Beavers,1988,31,NA,7.2,45,4.5,0,4.5,0,4.5,4.5,14.5,34.5,14.5,24.5,,0,0,0,0,1,0,1
Dragonard,1987,86,NA,2.7,26,44.5,4.5,14.5,14.5,4.5,14.5,0,0,4.5,4.5,,0,0,0,1,0,0,0
Wise Blood,1979,105,NA,7,365,4.5,4.5,4.5,4.5,4.5,4.5,14.5,24.5,14.5,24.5,,0,0,0,1,0,0,0
"Ring, The",1927,72,NA,6.1,240,4.5,4.5,14.5,14.5,14.5,14.5,14.5,14.5,4.5,4.5,,0,0,0,1,0,0,0
"Aufschneider, Die",2000,14,NA,6,10,0,24.5,0,0,0,34.5,34.5,14.5,0,14.5,,0,0,0,0,0,0,1
Tiempo de tormenta,2003,87,NA,6.9,34,0,0,4.5,4.5,4.5,14.5,34.5,14.5,4.5,4.5,,0,0,0,1,0,0,0
Ape,1976,87,NA,1.8,212,45.5,4.5,4.5,4.5,4.5,4.5,4.5,4.5,4.5,14.5,,0,0,0,0,0,0,0
"Slight Case of Murder, A",1938,85,NA,7.2,157,0,0,4.5,4.5,4.5,14.5,24.5,24.5,14.5,14.5,,0,0,1,0,0,0,0
Alibi Ike,1935,72,NA,5.9,67,4.5,4.5,4.5,4.5,14.5,24.5,24.5,4.5,4.5,14.5,,0,0,1,0,0,0,0
"Yearling, The",1946,128,4000000,7.5,677,4.5,4.5,4.5,4.5,4.5,4.5,14.5,24.5,14.5,24.5,,0,0,0,1,0,0,0
Orbis Pictus,1997,107,NA,7.1,48,4.5,0,0,4.5,4.5,4.5,24.5,14.5,24.5,24.5,,0,0,0,0,0,0,0
"Ich bin ein Elefant, Madame",1969,100,NA,8.1,13,4.5,0,0,0,0,0,4.5,44.5,24.5,14.5,,0,0,1,1,0,0,0
Beach House,1979,76,NA,4.5,8,24.5,24.5,0,14.5,0,14.5,0,0,0,24.5,,0,0,1,0,0,0,0
"Night Club, The",1925,60,NA,8.3,5,0,0,0,0,24.5,24.5,0,24.5,44.5,0,,0,0,1,0,0,0,0
"Espoir, L'",1945,76,NA,7.1,28,0,0,0,4.5,14.5,24.5,4.5,14.5,14.5,24.5,,0,0,0,1,1,0,0
"Good Kurds, Bad Kurds: No Friends But the Mountains",2000,72,NA,5.3,9,24.5,0,0,0,14.5,0,14.5,14.5,24.5,24.5,,0,0,0,0,1,0,0
Last Stand,2003,23,NA,9.2,8,0,0,0,0,14.5,0,0,0,14.5,74.5,,0,0,0,1,0,0,1
Wu kui,1994,114,NA,5.7,76,4.5,4.5,0,0,4.5,14.5,14.5,24.5,14.5,14.5,,0,0,0,1,0,0,0
Geliebter Alltag,2000,13,NA,7.4,10,0,0,0,0,0,24.5,44.5,24.5,24.5,0,,0,0,0,0,0,0,1
President McKinley and Escort Going to the Capitol,1901,2,NA,3.5,6,0,0,34.5,45.5,14.5,0,0,0,0,0,,0,0,0,0,1,0,1
"Deux timides, Les",1928,62,NA,7.7,13,0,0,0,0,4.5,0,14.5,64.5,14.5,0,,0,0,1,0,0,0,0
Saiyu-ki,1960,84,NA,4.4,46,14.5,4.5,4.5,4.5,4.5,4.5,14.5,24.5,4.5,14.5,,0,1,0,0,0,0,0
Knocking on Death's Door,1999,95,NA,4.1,73,14.5,4.5,4.5,14.5,14.5,14.5,14.5,4.5,4.5,4.5,R,0,0,0,0,0,0,0
I Wanna Hold Your Hand,1978,104,2700000,6.7,530,4.5,4.5,4.5,4.5,4.5,14.5,24.5,14.5,4.5,14.5,,0,0,1,0,0,0,0
"Twinkle in God's Eye, The",1955,73,NA,5.4,6,14.5,0,0,14.5,0,45.5,14.5,0,0,0,,0,0,1,0,0,0,0
Because of Him,1946,88,NA,6.9,34,4.5,4.5,0,4.5,14.5,4.5,24.5,14.5,4.5,14.5,,0,0,1,0,0,0,0
"Wishing Ring: An Idyll of Old England, The",1914,54,NA,7.9,17,0,0,0,0,4.5,14.5,14.5,34.5,14.5,4.5,,0,0,1,1,0,0,0
Tillsammans,2000,106,NA,7.5,4277,4.5,4.5,4.5,4.5,4.5,4.5,14.5,24.5,24.5,14.5,R,0,0,1,1,0,0,0
Mackintosh and T.J.,1975,96,NA,5.1,23,4.5,0,4.5,4.5,14.5,4.5,14.5,4.5,14.5,24.5,,0,0,0,1,0,0,0
"Debtors, The",1999,90,14000000,6.9,38,14.5,4.5,4.5,4.5,4.5,14.5,14.5,14.5,14.5,24.5,,0,0,1,0,0,0,0
Trespasses,1986,90,NA,2.9,5,0,24.5,64.5,0,24.5,0,0,0,0,0,,0,0,0,0,0,0,0
Deep Impact,1998,120,75000000,5.9,22684,4.5,4.5,4.5,4.5,14.5,24.5,24.5,14.5,4.5,4.5,PG-13,0,0,0,1,0,0,0
Wednesday Afternoon,2004,24,40000,8.3,17,4.5,4.5,0,0,0,4.5,4.5,14.5,4.5,45.5,,0,0,0,1,0,0,1
"Djungelsaga, En",1957,75,NA,5.8,12,0,0,0,4.5,4.5,4.5,4.5,45.5,4.5,4.5,,0,0,0,1,0,0,0
Babymother,1998,82,NA,3.1,29,14.5,4.5,4.5,4.5,4.5,4.5,14.5,14.5,4.5,24.5,R,0,0,0,1,0,0,0
"Schedule, The",1997,104,NA,2.3,19,24.5,0,0,0,4.5,0,14.5,0,14.5,45.5,,0,0,0,0,0,0,0
"Maison sous la mer, La",1947,105,NA,5.6,5,0,0,0,0,44.5,0,0,44.5,24.5,0,,0,0,0,0,0,0,0
Amici miei,1975,140,NA,8.1,361,4.5,4.5,0,4.5,4.5,4.5,14.5,14.5,24.5,44.5,,0,0,1,0,0,0,0
Chou tin dik tong wah,1987,98,NA,7.7,181,4.5,0,0,4.5,4.5,4.5,14.5,24.5,14.5,44.5,,0,0,0,1,0,1,0
Kahini,1997,105,NA,1.4,10,64.5,34.5,14.5,0,0,0,0,0,0,0,,0,0,0,0,0,0,0
Illicit Behavior,1992,101,NA,4.6,68,4.5,4.5,4.5,14.5,14.5,24.5,4.5,4.5,4.5,14.5,,1,0,0,0,0,0,0
Basilisk Stare,2003,13,NA,4.5,15,4.5,0,14.5,4.5,0,4.5,24.5,14.5,0,24.5,,0,0,0,1,0,0,1
"Vacanza bestiale, Una",1980,92,NA,5.2,12,0,0,0,14.5,4.5,0,34.5,34.5,4.5,0,,0,0,1,0,0,0,0
Scanner Cop,1994,95,NA,3.8,151,14.5,4.5,24.5,14.5,14.5,14.5,4.5,4.5,4.5,4.5,,0,0,0,0,0,0,0
Sunset Pass,1946,64,NA,5.6,11,0,0,4.5,14.5,4.5,34.5,4.5,14.5,0,0,,0,0,0,0,0,0,0
From the Earth to the Moon,1958,101,NA,5.4,164,4.5,4.5,4.5,14.5,24.5,24.5,14.5,4.5,4.5,4.5,,0,0,0,0,0,0,0
"Conquerors, The",1932,86,NA,5.6,25,4.5,4.5,4.5,4.5,4.5,14.5,24.5,14.5,4.5,14.5,,0,0,0,1,0,0,0
Hamburger Hill,1987,112,NA,6.4,2606,4.5,4.5,4.5,4.5,14.5,14.5,24.5,14.5,4.5,4.5,,1,0,0,1,0,0,0
Gory Gory Hallelujah,2003,96,100000,6.4,39,4.5,4.5,0,4.5,0,4.5,4.5,4.5,14.5,45.5,,0,0,1,0,0,0,0
"Sin of Madelon Claudet, The",1931,75,NA,6.7,70,4.5,4.5,0,4.5,4.5,24.5,24.5,14.5,4.5,14.5,,0,0,0,1,0,0,0
Kinky Business,1985,85,NA,6.8,26,4.5,0,0,4.5,0,4.5,4.5,4.5,14.5,45.5,,0,0,1,0,0,0,0
Menyaly,1992,93,NA,6.3,10,0,0,0,0,24.5,24.5,44.5,14.5,14.5,0,,0,0,1,0,0,0,0
Burlesk Queen,1977,129,NA,6.5,6,0,0,0,0,0,14.5,0,0,34.5,45.5,,0,0,0,1,0,0,0
Niskavuori taistelee,1957,96,NA,5.9,5,0,0,0,0,24.5,44.5,24.5,24.5,0,0,,0,0,0,0,0,0,0
Undercover Man,1942,68,NA,7.5,13,0,0,0,0,4.5,4.5,4.5,24.5,24.5,34.5,,1,0,0,0,0,0,0
"Beauty Jungle, The",1964,82,NA,5.5,19,4.5,0,0,14.5,34.5,24.5,14.5,24.5,0,0,,0,0,0,1,0,0,0
"Ceremony, The",1964,105,NA,5.2,13,0,4.5,4.5,14.5,14.5,34.5,4.5,4.5,0,0,,0,0,0,1,0,0,0
Solamente nero,1978,109,NA,6.7,97,4.5,4.5,0,4.5,14.5,14.5,24.5,14.5,14.5,4.5,,0,0,0,0,0,0,0
Cypher,2002,95,7500000,7.2,3160,4.5,4.5,4.5,4.5,4.5,14.5,24.5,24.5,14.5,14.5,R,1,0,0,0,0,0,0
Wszystko na sprzedaz,1969,94,NA,7.1,62,0,4.5,0,4.5,4.5,4.5,24.5,24.5,14.5,14.5,,0,0,0,1,0,0,0
Marooned,1969,134,8000000,5.1,583,4.5,4.5,4.5,14.5,14.5,14.5,14.5,4.5,4.5,4.5,,0,0,0,1,0,0,0
"End of August, The",1982,105,NA,3.9,8,0,0,14.5,24.5,0,0,14.5,14.5,14.5,24.5,,0,0,0,1,0,0,0
Les Patterson Saves the World,1987,98,NA,3.8,69,14.5,4.5,14.5,4.5,4.5,14.5,14.5,4.5,4.5,14.5,,0,0,1,0,0,0,0
Vsetko co mam rad,1992,99,NA,5.7,38,4.5,0,0,4.5,4.5,4.5,14.5,24.5,24.5,14.5,,0,0,0,1,0,0,0
Mau Mau Sex Sex,2001,80,NA,6.8,40,4.5,0,4.5,4.5,14.5,24.5,14.5,24.5,14.5,14.5,,0,0,0,0,1,0,0
"Beatles Come to Town, The",1963,8,NA,8.9,12,0,0,0,0,0,0,0,44.5,34.5,24.5,,0,0,0,0,1,0,1
Cenerentola '80,1983,171,NA,6,62,4.5,4.5,4.5,4.5,4.5,4.5,14.5,4.5,4.5,44.5,,0,0,0,1,0,1,0
Adieu pays,2003,85,NA,6.6,7,0,0,0,0,24.5,14.5,24.5,24.5,0,0,,0,0,0,0,0,0,0
Cara a Cara,1967,80,NA,3,6,34.5,0,14.5,0,0,14.5,0,0,34.5,0,,0,0,0,1,0,0,0
"Curious Female, The",1970,87,NA,3.3,14,24.5,4.5,14.5,4.5,24.5,0,0,4.5,0,14.5,,0,0,0,0,0,0,0
Jessi's Girls,1975,86,NA,2.9,27,14.5,14.5,14.5,14.5,4.5,14.5,4.5,4.5,4.5,4.5,,0,0,0,0,0,0,0
Cooley High,1975,107,NA,6.6,282,0,4.5,4.5,4.5,4.5,4.5,14.5,24.5,14.5,34.5,,0,0,1,1,0,0,0
"Cosas del querer, Las",1989,103,NA,7.1,53,4.5,4.5,4.5,4.5,4.5,4.5,14.5,34.5,14.5,14.5,,0,0,0,0,0,0,0
Piccole labbra,1978,77,NA,5.6,15,0,0,24.5,0,24.5,4.5,24.5,0,24.5,14.5,,0,0,0,1,0,0,0
Fu qin ba ba,2001,90,NA,6.4,7,0,0,0,0,0,14.5,44.5,14.5,24.5,0,,0,0,0,0,0,0,0
Romeo & Julia,1992,92,NA,2.3,18,24.5,0,4.5,4.5,4.5,4.5,4.5,14.5,4.5,24.5,,0,0,0,0,0,0,0
Enfants de salaud,1996,100,NA,6.7,89,4.5,4.5,4.5,4.5,4.5,14.5,24.5,24.5,4.5,4.5,,0,0,1,0,0,0,0
After Alice,1999,100,NA,5.3,446,4.5,4.5,4.5,14.5,14.5,24.5,14.5,4.5,4.5,4.5,R,0,0,0,1,0,0,0
Moonlight by the Sea,2003,92,10000,8,9,14.5,0,0,14.5,0,0,0,0,34.5,44.5,,0,0,0,0,0,0,0
"Cockleshell Heroes, The",1955,97,NA,6.4,164,4.5,4.5,4.5,4.5,4.5,24.5,24.5,24.5,4.5,4.5,,1,0,0,1,0,0,0
Hvis lille pige er du?,1963,94,NA,5.5,15,0,0,0,4.5,24.5,24.5,34.5,4.5,0,4.5,,0,0,1,0,0,0,0
Posljednji podvig diverzanta Oblaka,1978,108,NA,7.4,5,0,0,0,0,0,44.5,24.5,24.5,0,24.5,,0,0,0,0,0,0,0
24 Hours in London,2000,90,NA,3.8,242,24.5,14.5,4.5,4.5,4.5,4.5,4.5,4.5,4.5,14.5,R,0,0,0,0,0,0,0
Coyote,1992,99,NA,4,57,4.5,4.5,4.5,14.5,24.5,14.5,4.5,14.5,0,14.5,,0,0,1,1,0,0,0
Moznosti dialogu,1982,14,NA,8.2,114,4.5,0,4.5,4.5,4.5,4.5,14.5,14.5,24.5,44.5,,0,1,0,0,0,0,1
Rose Hobart,1936,19,NA,7.1,70,4.5,4.5,4.5,4.5,4.5,4.5,14.5,14.5,4.5,44.5,,0,0,0,0,0,0,1
Black Sabbath: Never Say Die,1984,60,NA,8,6,0,0,0,0,0,14.5,0,45.5,34.5,0,,0,0,0,0,0,0,0
Such Men Are Dangerous,1930,83,NA,3.9,6,0,14.5,14.5,14.5,0,0,14.5,34.5,0,0,,0,0,0,1,0,0,0
Ljubavni slucaj ili tragedija sluzbenice P.T.T.,1967,70,NA,6.1,72,4.5,4.5,4.5,4.5,4.5,4.5,4.5,14.5,24.5,34.5,,0,0,0,1,0,0,0
South of Death Valley,1949,54,NA,5.7,5,0,24.5,0,0,24.5,0,24.5,24.5,0,24.5,,0,0,0,0,0,0,0
Four Stars,1967,1100,NA,3,12,24.5,0,4.5,0,0,0,4.5,0,0,45.5,,0,0,0,0,0,0,0
We Live Again,1934,85,NA,5.9,41,4.5,4.5,4.5,4.5,14.5,14.5,24.5,4.5,4.5,4.5,,0,0,0,1,0,0,0
Loser,2000,92,20000000,5.1,5152,4.5,4.5,4.5,14.5,14.5,24.5,14.5,4.5,4.5,4.5,PG-13,0,0,1,0,0,1,0
Sahara,1943,97,NA,7.4,815,4.5,4.5,4.5,4.5,4.5,4.5,24.5,34.5,14.5,14.5,,0,0,0,1,0,0,0
"Malheurs d'Alfred, Les",1972,98,NA,6.4,50,4.5,0,0,4.5,14.5,14.5,14.5,24.5,4.5,14.5,,0,0,1,0,0,0,0
"Deep End of the Ocean, The",1999,106,40000000,5.9,2890,4.5,4.5,4.5,4.5,14.5,24.5,24.5,14.5,4.5,4.5,PG-13,0,0,0,1,0,0,0
Lord Jim,1965,154,NA,6.5,458,4.5,4.5,4.5,4.5,4.5,14.5,24.5,14.5,14.5,14.5,,0,0,0,1,0,0,0
Waterland,1992,95,NA,6.6,490,4.5,4.5,4.5,4.5,4.5,14.5,24.5,24.5,14.5,14.5,,0,0,0,1,0,0,0
Melody Ranch,1940,84,NA,6.7,26,0,0,4.5,0,14.5,14.5,14.5,14.5,4.5,24.5,,0,0,0,0,0,0,0
Garmento,2002,90,NA,5.9,16,14.5,4.5,14.5,4.5,0,0,4.5,4.5,0,44.5,,0,0,0,1,0,0,0
Pour Sacha,1991,114,NA,5.6,92,14.5,4.5,4.5,14.5,14.5,14.5,4.5,14.5,4.5,14.5,,0,0,0,1,0,0,0
Jennifer Is Dead,2002,24,NA,4.9,14,14.5,0,0,0,14.5,0,24.5,14.5,4.5,24.5,,0,0,0,1,0,0,1
Frightmare,1974,88,NA,5.4,117,4.5,4.5,4.5,4.5,4.5,14.5,14.5,14.5,14.5,4.5,,0,0,0,0,0,0,0
Pelle erobreren,1987,157,NA,7.6,1611,4.5,4.5,4.5,4.5,4.5,4.5,14.5,24.5,24.5,24.5,,0,0,0,1,0,0,0
90 Days,1985,100,NA,5.8,17,4.5,0,0,4.5,0,24.5,14.5,24.5,14.5,4.5,,0,0,0,0,0,0,0
Porky's,1982,94,4000000,5.4,5483,4.5,4.5,4.5,4.5,14.5,14.5,14.5,14.5,4.5,4.5,,0,0,1,0,0,0,0
"Army Mascot, The",1942,7,NA,6.5,47,0,0,0,4.5,24.5,4.5,34.5,14.5,4.5,4.5,,0,1,1,0,0,0,1
Un pays sans bon sens!,1970,117,NA,2.1,8,24.5,0,0,0,0,0,14.5,0,34.5,24.5,,0,0,0,0,1,0,0
Evolution,1971,11,NA,6.9,22,0,4.5,4.5,14.5,4.5,4.5,4.5,24.5,24.5,14.5,,0,1,0,0,0,0,1
"Erben, Die",1982,90,NA,5.1,34,4.5,4.5,0,4.5,4.5,14.5,24.5,4.5,14.5,14.5,,0,0,0,1,0,0,0
Cattle Queen,1951,69,NA,3.8,6,14.5,34.5,14.5,14.5,0,14.5,0,0,0,0,,0,0,0,0,0,0,0
Funeral in Berlin,1966,102,NA,6.5,500,4.5,4.5,4.5,4.5,14.5,14.5,34.5,14.5,4.5,4.5,,1,0,0,1,0,0,0
Presence of Mind,1999,94,3000000,5.6,98,4.5,4.5,4.5,14.5,14.5,14.5,14.5,14.5,4.5,4.5,,0,0,0,1,0,0,0
Tess,1979,172,NA,7.1,1531,4.5,4.5,4.5,4.5,4.5,14.5,24.5,24.5,14.5,14.5,,0,0,0,1,0,1,0
Amour Infinity,2000,85,NA,7,10,34.5,0,0,0,0,0,0,14.5,14.5,45.5,,0,0,0,1,0,0,0
"Insaisissables, Les",2000,95,NA,3.6,21,4.5,0,4.5,34.5,4.5,14.5,4.5,0,4.5,4.5,,0,0,1,0,0,0,0
Gerald McBoing-Boing's Symphony,1953,8,NA,7,13,0,0,0,0,14.5,4.5,4.5,24.5,24.5,24.5,,0,1,0,0,0,0,1
Too Tired to Die,1998,97,NA,5.5,161,4.5,4.5,4.5,4.5,14.5,14.5,14.5,4.5,4.5,14.5,,0,0,1,1,0,0,0
"Mysterious Desperado, The",1949,61,NA,6.6,12,4.5,0,0,0,4.5,14.5,4.5,4.5,14.5,34.5,,0,0,0,0,0,0,0
"Tall Target, The",1951,78,NA,7.3,134,0,0,0,4.5,4.5,14.5,24.5,24.5,14.5,4.5,,0,0,0,1,0,0,0
Alas rotas,2002,95,NA,2.7,6,64.5,14.5,0,0,0,0,0,0,0,14.5,,1,0,0,1,0,0,0
Full Blast,1997,91,NA,5.9,19,14.5,4.5,0,4.5,14.5,14.5,14.5,0,0,34.5,,1,0,0,0,0,0,0
Life Tastes Good,1999,88,NA,5.2,24,14.5,0,0,14.5,14.5,4.5,14.5,14.5,4.5,4.5,,0,0,0,1,0,0,0
Toy Soldiers,1984,85,NA,5.6,127,4.5,4.5,4.5,4.5,14.5,24.5,14.5,14.5,4.5,4.5,,1,0,0,1,0,0,0
Ocean Men: Extreme Dive,2001,40,NA,6.3,22,0,4.5,0,0,0,14.5,14.5,14.5,14.5,34.5,,0,0,0,0,1,0,1
"Super Snooper, The",1952,7,NA,6.7,23,0,0,4.5,0,14.5,14.5,24.5,34.5,4.5,4.5,,0,1,1,0,0,0,1
Six of a Kind,1934,65,NA,7.1,99,0,4.5,4.5,4.5,4.5,14.5,24.5,14.5,14.5,14.5,,0,0,1,0,0,0,0
"Rita, Sue and Bob Too",1986,89,NA,5.8,371,4.5,4.5,4.5,4.5,14.5,14.5,24.5,14.5,4.5,14.5,,0,0,1,1,0,0,0
In Love and War,1996,113,NA,5.6,1792,4.5,4.5,4.5,4.5,14.5,14.5,14.5,14.5,4.5,14.5,,0,0,0,1,0,1,0
"Gospel According to Philip K. Dick, The",2001,80,NA,4.1,59,14.5,4.5,14.5,24.5,14.5,14.5,4.5,4.5,4.5,4.5,,0,0,0,0,1,0,0
Faust,1926,116,NA,8.4,731,4.5,4.5,4.5,4.5,4.5,4.5,14.5,24.5,24.5,34.5,,0,0,0,1,0,0,0
"America, America",1963,174,NA,7.5,485,4.5,4.5,4.5,4.5,4.5,14.5,14.5,14.5,14.5,24.5,,0,0,0,1,0,0,0
Gojitmal,1999,112,NA,5.6,399,4.5,4.5,4.5,4.5,14.5,14.5,14.5,14.5,4.5,4.5,,0,0,0,1,0,0,0
Guns,1990,96,NA,3.3,90,24.5,14.5,14.5,4.5,4.5,14.5,4.5,4.5,4.5,14.5,,1,0,0,1,0,0,0
Violin Lesson,2002,18,NA,7.6,5,0,0,0,0,0,0,64.5,44.5,0,0,,0,0,0,0,0,0,1
Kan-Kin,2001,20,NA,6.8,10,0,0,0,0,14.5,14.5,44.5,14.5,14.5,24.5,,0,0,0,0,0,0,1
State of the Union,1948,124,2600000,7.2,454,4.5,4.5,4.5,4.5,4.5,4.5,24.5,34.5,14.5,14.5,,0,0,1,1,0,1,0
Federico Fellini - un autoritratto ritrovato,2000,55,NA,7.8,18,24.5,0,0,0,0,14.5,0,24.5,14.5,24.5,,0,0,0,0,1,0,0
"Man Who Died Twice, The",1958,70,NA,6.1,6,0,0,14.5,14.5,0,14.5,14.5,14.5,0,14.5,,0,0,0,1,0,0,0
"Date with Your Family, A",1950,10,NA,2.1,74,44.5,24.5,14.5,4.5,4.5,0,0,0,4.5,4.5,,0,0,0,0,1,0,1
In extremis,1988,90,NA,5.1,7,14.5,0,0,0,44.5,14.5,0,14.5,0,14.5,,0,0,0,1,0,1,0
"Mary, Mary, Bloody Mary",1975,101,NA,3.9,32,4.5,4.5,14.5,34.5,14.5,4.5,0,4.5,4.5,4.5,,0,0,0,0,0,0,0
"Ofrivillige golfaren, Den",1991,107,NA,5.4,435,4.5,4.5,4.5,14.5,24.5,24.5,14.5,4.5,4.5,4.5,,0,0,1,0,0,0,0
Page Miss Glory,1935,75,NA,6.3,56,0,0,0,4.5,14.5,34.5,14.5,14.5,4.5,14.5,,0,0,1,0,0,0,0
"Femme enfant, La",1980,100,NA,6.3,9,0,0,14.5,0,0,14.5,34.5,14.5,14.5,24.5,,0,0,0,1,0,0,0
Covek nije tica,1965,81,NA,5.6,31,4.5,4.5,0,0,4.5,14.5,14.5,14.5,4.5,14.5,,0,0,0,1,0,1,0
3:15,1986,86,NA,4.5,94,14.5,4.5,4.5,24.5,14.5,14.5,4.5,4.5,4.5,4.5,,1,0,0,1,0,0,0
Blue Cat Blues,1956,7,NA,6.3,33,0,0,4.5,14.5,4.5,24.5,14.5,24.5,4.5,4.5,,0,1,1,0,0,0,1
"Victim, The",2004,16,15000,9.8,5,0,0,0,0,0,0,0,0,24.5,84.5,,0,0,0,0,0,0,1
Allotment Wives,1945,80,NA,5.5,14,0,0,0,24.5,24.5,24.5,14.5,0,4.5,4.5,,0,0,0,1,0,0,0
Falo Crest,1987,80,NA,5.6,5,24.5,0,0,0,0,24.5,64.5,0,0,0,,0,0,1,0,0,0,0
"Ball, Der",1982,50,NA,6.4,7,0,0,0,14.5,0,14.5,14.5,14.5,14.5,24.5,,0,0,0,0,0,0,0
Body Heat,1981,113,NA,7.4,5063,4.5,4.5,4.5,4.5,4.5,14.5,24.5,24.5,14.5,14.5,,0,0,0,0,0,0,0
Night Wars,1991,90,NA,3.6,19,14.5,34.5,14.5,24.5,0,0,14.5,0,4.5,0,,0,0,0,0,0,0,0
Ezek a fiatalok,1967,75,NA,8.5,6,0,0,0,0,0,34.5,0,0,14.5,45.5,,0,0,0,0,0,0,0
War of the Satellites,1958,72,NA,3.6,41,4.5,4.5,14.5,14.5,4.5,24.5,4.5,4.5,0,14.5,,0,0,0,0,0,0,0
"Simple Things, The",1953,7,NA,5.8,36,4.5,0,4.5,14.5,4.5,24.5,34.5,4.5,4.5,4.5,,0,1,1,0,0,0,1
"Walk Through H: The Reincarnation of an Ornithologist, A",1978,41,NA,8.4,75,4.5,0,4.5,4.5,4.5,4.5,14.5,14.5,14.5,34.5,,0,0,0,0,0,0,1
Dancing Sweeties,1930,62,NA,4.4,11,14.5,0,4.5,4.5,24.5,14.5,14.5,0,0,0,,0,0,1,1,0,1,0
Unbreakable,2000,106,75000000,7.1,35842,4.5,4.5,4.5,4.5,4.5,14.5,24.5,24.5,14.5,14.5,PG-13,0,0,0,1,0,0,0
Apocalypse domani,1980,91,NA,5.1,248,4.5,4.5,4.5,14.5,14.5,14.5,14.5,14.5,4.5,14.5,,1,0,0,0,0,0,0
Hiawatha's Rabbit Hunt,1941,8,NA,7,51,0,4.5,0,0,14.5,4.5,34.5,24.5,4.5,14.5,,0,1,1,0,0,0,1
"Failures, The",2003,95,NA,6,13,4.5,0,4.5,0,14.5,24.5,4.5,4.5,14.5,14.5,,0,0,1,0,0,1,0
J'me sens pas belle,2004,85,NA,7,96,0,4.5,0,4.5,4.5,14.5,34.5,24.5,14.5,4.5,,0,0,1,0,0,1,0
Critical Care,1997,107,12000000,5.8,397,4.5,4.5,4.5,4.5,14.5,14.5,14.5,14.5,4.5,4.5,R,0,0,1,1,0,0,0
"Last Grenade, The",1970,94,NA,5.5,26,4.5,4.5,0,14.5,24.5,14.5,4.5,14.5,14.5,4.5,,0,0,0,1,0,0,0
Sunday Bloody Sunday,1971,110,NA,7.2,520,4.5,4.5,4.5,4.5,4.5,4.5,14.5,24.5,14.5,24.5,,0,0,0,1,0,0,0
Money Talks,1972,81,NA,4.6,11,14.5,0,4.5,0,0,24.5,14.5,14.5,0,4.5,,0,0,1,0,1,0,0
Jentespranget,1973,101,NA,3.7,20,24.5,24.5,14.5,14.5,24.5,0,0,14.5,0,0,,0,0,0,1,0,0,0
Gun the Man Down,1956,74,NA,2.8,9,34.5,34.5,0,0,14.5,0,0,14.5,0,14.5,,0,0,0,0,0,0,0
Hormoner og andre demoner,2001,26,NA,6.2,9,0,0,0,0,14.5,14.5,14.5,24.5,34.5,14.5,,0,0,0,0,0,0,1
King Kongs Faust,1985,80,NA,8,5,24.5,0,0,0,0,0,0,0,24.5,64.5,,0,0,0,0,0,0,0
Angel Face,1952,91,NA,7.2,423,4.5,0,4.5,4.5,4.5,14.5,34.5,24.5,14.5,4.5,,0,0,0,1,0,0,0
Taps,1981,126,NA,6.4,2568,4.5,4.5,4.5,4.5,14.5,24.5,24.5,14.5,4.5,4.5,,0,0,0,1,0,0,0
"Clonus Horror, The",1979,90,350000,2.1,469,45.5,14.5,14.5,4.5,4.5,4.5,4.5,4.5,4.5,4.5,,0,0,0,0,0,0,0
"Hire: Star, The",2001,10,NA,7.5,1260,4.5,4.5,4.5,4.5,4.5,4.5,14.5,24.5,24.5,24.5,,1,0,1,0,0,0,1
I Yam What I Yam,1933,6,NA,6.2,16,0,0,4.5,4.5,14.5,4.5,14.5,14.5,0,34.5,,0,1,1,0,0,0,1
Becket,1964,148,3000000,8,1538,4.5,4.5,4.5,4.5,4.5,4.5,14.5,24.5,24.5,24.5,,0,0,0,1,0,0,0
"Straitjacket Lottery, The",2004,22,NA,8.7,13,0,0,4.5,0,4.5,0,4.5,0,14.5,64.5,,0,0,1,0,0,0,1
Carmen,1984,152,NA,7.7,252,4.5,4.5,4.5,4.5,4.5,4.5,14.5,14.5,14.5,34.5,,0,0,0,1,0,0,0
Double Indemnity,1944,110,927262,8.5,11592,4.5,4.5,4.5,4.5,4.5,4.5,14.5,24.5,24.5,34.5,,0,0,0,1,0,0,0
"Deadly Strike, The",1980,90,NA,4.4,16,14.5,4.5,4.5,14.5,0,4.5,4.5,4.5,14.5,34.5,,1,0,0,1,0,0,0
Vendetta,1942,11,NA,5.4,6,0,0,0,14.5,14.5,0,14.5,14.5,0,34.5,,0,0,0,1,0,0,1
Huk!,1956,84,NA,5.7,9,0,0,0,0,45.5,34.5,14.5,0,0,0,,0,0,0,1,0,0,0
Podgryavane na vcherashniya obed,2002,98,NA,6.9,11,24.5,0,4.5,0,0,0,24.5,4.5,4.5,14.5,,0,0,0,1,0,0,0
"Oregon Trail, The",1936,59,NA,3.7,24,14.5,4.5,4.5,4.5,24.5,24.5,4.5,4.5,0,4.5,,0,0,0,0,0,0,0
Paper Chasers,2003,80,NA,7.9,5,0,0,0,0,0,0,44.5,44.5,24.5,0,,0,0,0,0,1,0,0
Sfora - Bez litosci,2002,120,NA,5.4,25,34.5,0,0,14.5,4.5,14.5,4.5,4.5,4.5,24.5,,0,0,0,0,0,0,0
God's Step Children,1938,105,NA,5.2,15,24.5,0,0,14.5,14.5,0,14.5,14.5,4.5,24.5,,0,0,0,1,0,0,0
OcchioPinocchio,1994,135,NA,2.5,37,45.5,4.5,4.5,4.5,4.5,4.5,4.5,14.5,0,4.5,,0,0,0,0,0,0,0
Robert. Schastlivaya zhizn,1996,26,NA,8.8,6,0,0,0,0,0,14.5,0,14.5,14.5,45.5,,0,0,0,0,0,0,1
"Hold Up, The",1972,14,NA,1.8,8,24.5,14.5,14.5,0,0,14.5,14.5,0,0,24.5,,0,0,0,0,0,0,1
Repo Man,1984,92,1500000,6.8,4954,4.5,4.5,4.5,4.5,4.5,14.5,14.5,14.5,14.5,24.5,,1,0,1,0,0,0,0
Extase,1933,87,NA,6.6,157,0,0,4.5,4.5,4.5,14.5,24.5,14.5,14.5,14.5,,0,0,0,1,0,1,0
"Gay Falcon, The",1941,67,NA,6.2,60,0,0,4.5,4.5,24.5,24.5,24.5,14.5,4.5,4.5,,0,0,0,1,0,0,0
Jesus,1979,117,6000000,5.9,316,4.5,4.5,4.5,4.5,4.5,4.5,4.5,4.5,14.5,34.5,,0,0,0,1,0,0,0
Abuzer Kadayif,2000,104,NA,5.7,79,14.5,4.5,4.5,4.5,4.5,14.5,14.5,14.5,4.5,4.5,,0,0,1,1,0,0,0
"Oreille d'un sourd, L'",1996,95,NA,5.9,7,0,14.5,0,0,24.5,24.5,14.5,14.5,0,0,,0,0,1,0,0,0,0
On the Front Page,1926,22,NA,5,19,0,0,24.5,14.5,14.5,14.5,24.5,4.5,4.5,0,,0,0,1,0,0,0,1
Playgirl,2002,14,NA,5.6,5,24.5,0,24.5,0,0,0,44.5,0,0,24.5,,0,0,1,0,0,0,1
"Nackte Mann auf dem Sportplatz, Der",1974,101,NA,9.1,13,0,0,0,0,0,4.5,4.5,14.5,14.5,45.5,,0,0,1,1,0,0,0
"Yakuza, The",1975,112,NA,6.9,550,4.5,4.5,4.5,4.5,4.5,14.5,14.5,24.5,14.5,14.5,,0,0,0,1,0,0,0
"Spectre of Edgar Allan Poe, The",1974,89,NA,6.2,11,0,4.5,4.5,4.5,0,14.5,4.5,0,14.5,24.5,,0,0,0,0,0,0,0
"Bronx Morning, A",1932,11,NA,7.5,15,0,0,0,0,14.5,0,34.5,34.5,4.5,14.5,,0,0,0,0,0,0,1
Kid Millions,1934,90,NA,6.3,67,4.5,4.5,4.5,4.5,4.5,14.5,14.5,14.5,4.5,14.5,,0,0,1,0,0,0,0
Ena koritsi gia dio,1963,90,NA,7.5,9,0,0,0,14.5,0,0,44.5,34.5,14.5,0,,0,0,1,0,0,1,0
Sing,1989,98,NA,5,150,4.5,4.5,4.5,4.5,4.5,4.5,4.5,14.5,14.5,34.5,,0,0,0,1,0,0,0
Lepke,1975,110,NA,4.8,50,4.5,4.5,4.5,14.5,24.5,14.5,14.5,4.5,4.5,4.5,,0,0,0,1,0,0,0
Liliom,1934,118,NA,6.8,75,4.5,0,4.5,4.5,14.5,14.5,14.5,24.5,4.5,14.5,,0,0,0,0,0,0,0
Leni Riefenstahl im Sudan,2000,60,NA,1.2,11,64.5,0,0,14.5,0,0,0,0,0,14.5,,0,0,0,0,0,0,0
How Stella Got Her Groove Back,1998,124,20000000,5,1475,4.5,4.5,4.5,4.5,14.5,14.5,14.5,4.5,4.5,4.5,R,0,0,0,1,0,1,0
"Signora della notte, La",1985,90,NA,4.5,23,4.5,4.5,4.5,4.5,4.5,4.5,14.5,4.5,14.5,34.5,,0,0,0,0,0,0,0
Married to the Mob,1988,99,NA,6,3578,4.5,4.5,4.5,4.5,14.5,24.5,24.5,14.5,4.5,4.5,,0,0,1,0,0,0,0
"Rocketeer, The",1991,108,NA,6,5946,4.5,4.5,4.5,4.5,14.5,24.5,24.5,14.5,4.5,4.5,,1,0,0,0,0,0,0
Wana,1996,106,NA,9.3,11,0,0,0,0,0,0,0,24.5,14.5,45.5,,0,0,0,0,0,0,0
"Lady in the Morgue, The",1938,67,NA,6.1,5,0,0,0,0,0,24.5,0,24.5,64.5,0,,0,0,0,0,0,0,0
S'il vous plait,1988,3,NA,5.3,7,0,0,0,14.5,45.5,24.5,0,0,0,0,,0,0,0,0,0,0,1
"Laser Man, The",1988,92,NA,4.5,9,24.5,0,14.5,0,24.5,24.5,0,14.5,0,14.5,,0,0,1,0,0,0,0
Baby Wants Spinach,1950,6,NA,5.5,11,0,0,4.5,0,14.5,14.5,14.5,24.5,0,4.5,,0,1,1,0,0,0,1
Angelus,2000,110,NA,8,28,4.5,0,0,4.5,4.5,4.5,14.5,14.5,34.5,14.5,,0,0,0,0,0,0,0
Jit,1990,92,NA,6.7,16,0,0,0,4.5,14.5,14.5,24.5,14.5,4.5,14.5,,0,0,1,0,0,1,0
Heavenly Puss,1949,8,NA,8.4,45,0,0,0,4.5,4.5,0,14.5,24.5,4.5,44.5,,0,1,1,0,0,0,1
Chaplin,1992,143,NA,6.9,4187,4.5,4.5,4.5,4.5,4.5,14.5,24.5,24.5,14.5,14.5,,0,0,0,1,0,0,0
Chinese Series,2003,2,NA,8.4,5,0,0,0,0,0,0,24.5,44.5,24.5,24.5,,0,0,0,0,0,0,1
"Yard Sale, The",2002,19,NA,6.8,13,0,14.5,0,0,14.5,4.5,4.5,4.5,34.5,14.5,,0,0,0,0,0,0,1
Opera No. 1,1994,8,NA,7.9,18,14.5,4.5,0,4.5,0,0,4.5,14.5,4.5,45.5,,0,0,0,0,0,0,1
Hamlet,1976,65,NA,7.4,11,0,0,0,0,0,14.5,24.5,44.5,0,4.5,,0,0,0,0,0,0,0
Behind the Seams,2000,92,NA,4.7,7,44.5,0,0,14.5,0,0,14.5,0,14.5,14.5,,0,0,0,0,0,1,0
Osobennosti natsionalnoy politiki,2003,83,NA,4.2,22,4.5,4.5,4.5,14.5,24.5,4.5,14.5,4.5,0,4.5,,0,0,1,0,0,0,0
"Terrible toreador, El",1929,6,NA,5,5,44.5,0,0,0,0,44.5,0,0,0,24.5,,0,1,1,0,0,0,1
Lille Napoleon,1943,96,NA,6.9,10,0,0,0,0,0,24.5,74.5,0,14.5,0,,0,0,1,0,0,0,0
Dva kapitana II,1993,70,NA,7.1,28,4.5,4.5,0,0,0,14.5,0,4.5,14.5,45.5,,0,0,1,0,1,0,0
Azit Hakalba Hatzanhanit,1972,89,NA,7.3,6,14.5,0,0,0,14.5,0,0,0,34.5,34.5,,0,0,0,0,0,0,0
Mindwalk,1990,112,NA,7.2,554,4.5,4.5,4.5,4.5,4.5,4.5,4.5,14.5,14.5,44.5,,0,0,0,1,0,0,0
Wu long tian shi zhao ji gui,1982,80,NA,4.8,37,14.5,4.5,4.5,4.5,14.5,14.5,14.5,4.5,4.5,14.5,,1,0,1,0,0,0,0
Lucy Gallant,1955,104,NA,5.8,83,4.5,4.5,4.5,4.5,4.5,24.5,24.5,14.5,4.5,14.5,,0,0,0,1,0,0,0
Taxandria,1996,90,NA,6.5,89,0,4.5,4.5,4.5,4.5,14.5,4.5,24.5,14.5,14.5,,0,1,0,0,0,0,0
Cold Sweat,1993,93,NA,4.1,81,4.5,4.5,4.5,14.5,14.5,4.5,4.5,14.5,4.5,14.5,,0,0,0,0,0,0,0
He Who Gets Slapped,1924,80,NA,8.2,247,0,0,4.5,0,4.5,4.5,14.5,24.5,24.5,24.5,,0,0,0,1,0,0,0
Final Edition,1932,66,NA,5.5,8,0,0,0,14.5,14.5,24.5,45.5,0,0,0,,0,0,0,1,0,0,0
"Indomitable Teddy Roosevelt, The",1986,93,NA,6.7,15,0,0,0,0,4.5,4.5,34.5,24.5,24.5,14.5,,0,0,0,1,1,0,0
Blue Mountain,1997,97,NA,8.4,5,0,0,0,0,0,0,24.5,44.5,24.5,24.5,,0,0,0,1,0,0,0
Below the Belt,1999,13,NA,7.1,14,14.5,4.5,0,0,4.5,4.5,4.5,14.5,4.5,34.5,,0,0,0,0,0,0,1
"Clarence, the Cross-Eyed Lion",1965,92,NA,5.6,101,4.5,4.5,4.5,4.5,24.5,24.5,14.5,14.5,4.5,4.5,,0,0,1,0,0,0,0
Adieu blaireau,1985,94,NA,5.6,11,4.5,14.5,4.5,14.5,0,0,14.5,0,0,24.5,,0,0,0,0,0,0,0
You See Me Laughin',2002,86,NA,7.2,23,0,0,0,4.5,4.5,4.5,14.5,14.5,24.5,34.5,,0,0,0,0,1,0,0
Road Hog,1999,1,NA,6.9,11,0,0,4.5,0,4.5,4.5,24.5,44.5,0,0,,0,1,1,0,0,0,1
Kraj rata,1984,93,NA,6.3,6,0,0,0,14.5,14.5,14.5,14.5,34.5,0,0,,0,0,0,0,0,0,0
Yuryeong,1999,110,NA,6.1,74,4.5,4.5,4.5,4.5,4.5,24.5,24.5,24.5,14.5,4.5,,1,0,0,0,0,0,0
"Bell, Bare and Beautiful",1963,64,NA,1,20,64.5,0,4.5,4.5,0,0,0,4.5,0,24.5,,0,0,1,0,0,0,0
Home of the Brave,2004,75,NA,6.9,23,0,4.5,0,0,4.5,14.5,4.5,14.5,4.5,44.5,,0,0,0,0,1,0,0
Hapkido,1972,97,NA,6.4,21,4.5,0,0,0,4.5,14.5,24.5,4.5,4.5,34.5,,1,0,0,1,0,0,0
Talk About a Stranger,1952,65,NA,6.8,55,0,0,4.5,4.5,14.5,24.5,24.5,24.5,4.5,4.5,,0,0,0,1,0,0,0
Dr. Devil and Mr. Hare,1964,7,NA,6.1,37,0,0,4.5,14.5,14.5,24.5,24.5,14.5,0,4.5,,0,1,1,0,0,0,1
Beat the Heat,1990,78,NA,5.1,6,45.5,0,0,14.5,0,0,14.5,0,0,14.5,,0,0,0,0,0,0,0
"Runner Stumbles, The",1979,109,NA,4.4,49,14.5,4.5,4.5,14.5,4.5,14.5,14.5,0,0,34.5,,0,0,0,1,0,0,0
October 22,1998,94,NA,5.9,78,4.5,4.5,4.5,4.5,14.5,14.5,14.5,14.5,4.5,4.5,R,0,0,0,1,0,0,0
Rawhead Rex,1986,89,NA,4.1,382,14.5,14.5,14.5,14.5,14.5,4.5,4.5,4.5,4.5,4.5,,1,0,0,0,0,0,0
Calling Dr. Gillespie,1942,84,NA,5.7,30,0,0,0,24.5,14.5,44.5,14.5,0,0,4.5,,0,0,0,1,0,0,0
Short Time,1990,97,NA,5.7,335,4.5,4.5,4.5,4.5,14.5,24.5,14.5,4.5,4.5,4.5,,0,0,1,0,0,0,0
Monster Mash: The Movie,1995,82,NA,3.3,46,24.5,14.5,4.5,4.5,0,0,4.5,4.5,14.5,24.5,PG,0,0,1,0,0,0,0
Mere Yaar Ki Shaadi Hai,2002,158,NA,7,54,4.5,4.5,0,4.5,4.5,14.5,24.5,24.5,4.5,4.5,,0,0,0,0,0,0,0
Beiqing chengshi,1989,157,NA,8.2,283,4.5,4.5,4.5,4.5,4.5,4.5,4.5,14.5,24.5,44.5,,0,0,0,1,0,0,0
Fado Lusitano,1994,6,NA,6.1,10,14.5,0,0,0,24.5,14.5,14.5,14.5,24.5,24.5,,0,1,0,0,0,0,1
Soltera y madre en la vida,1969,90,NA,2.2,9,44.5,14.5,0,24.5,14.5,0,0,0,0,14.5,,0,0,1,0,0,0,0
"Undercover Kid, The",1996,80,NA,4.8,23,0,4.5,14.5,4.5,14.5,14.5,4.5,14.5,4.5,24.5,PG,0,0,0,0,0,0,0
"Car Stopped..., A",1999,15,NA,4,12,0,0,4.5,14.5,4.5,4.5,4.5,0,4.5,44.5,,0,0,1,0,0,0,1
Aybolit-66,1966,99,NA,7.6,41,0,0,0,4.5,4.5,14.5,24.5,4.5,24.5,24.5,,0,0,1,0,0,0,0
Lac aux dames,1934,106,NA,6.5,8,0,0,0,14.5,0,14.5,64.5,0,0,14.5,,0,0,0,0,0,0,0
Color Adjustment,1991,86,NA,6.5,32,4.5,0,0,0,4.5,24.5,4.5,14.5,4.5,34.5,,0,0,0,0,1,0,0
Star 80,1983,100,NA,6.2,1152,4.5,4.5,4.5,4.5,14.5,14.5,24.5,14.5,4.5,4.5,,0,0,0,1,0,0,0
Recommendation for Mercy,1975,92,NA,6.2,5,24.5,0,0,0,0,0,44.5,44.5,0,0,,0,0,0,1,0,0,0
"Grande Mentecapto, O",1989,101,NA,9.1,12,0,0,0,0,0,4.5,24.5,14.5,4.5,44.5,,0,0,1,0,0,0,0
Mommie Dearest,1981,129,5000000,6.2,1696,4.5,4.5,4.5,4.5,14.5,14.5,14.5,14.5,4.5,14.5,,0,0,0,1,0,0,0
Tadon to chikuwa,1998,102,NA,7.3,6,14.5,0,0,0,0,14.5,0,14.5,14.5,34.5,,0,0,0,0,0,0,0
Farligt venskab,1995,88,NA,5.9,72,4.5,4.5,0,4.5,24.5,14.5,24.5,4.5,4.5,14.5,,0,0,0,0,0,0,0
Brevi amori a Palma di Majorca,1960,98,NA,5.5,6,0,0,0,14.5,45.5,0,34.5,0,0,0,,0,0,1,0,0,0,0
Steel Magnolias,1989,119,NA,6.8,6430,4.5,4.5,4.5,4.5,4.5,14.5,14.5,14.5,14.5,14.5,,0,0,1,1,0,1,0
All Over Again,2001,99,NA,4.2,33,24.5,4.5,4.5,4.5,14.5,4.5,4.5,14.5,4.5,14.5,,0,0,0,1,0,0,0
"Silence of Dean Maitland, The",1934,95,NA,5.2,11,0,4.5,0,4.5,24.5,24.5,4.5,4.5,4.5,0,,0,0,0,1,0,0,0
Timber,1941,8,NA,7.3,45,0,0,0,4.5,0,24.5,24.5,24.5,14.5,14.5,,0,1,1,0,0,0,1
Blood Legacy,1971,90,NA,2.4,40,34.5,14.5,24.5,4.5,4.5,4.5,0,0,4.5,0,,0,0,0,0,0,0,0
"Oh, cielos",1994,90,NA,3.3,10,14.5,24.5,14.5,0,0,64.5,0,0,0,0,,0,0,1,0,0,0,0
"Trafico, El",2004,5,1000,9.2,5,0,0,0,0,0,0,0,44.5,0,64.5,,0,0,0,1,0,0,1
Adrenalin: Fear the Rush,1996,88,NA,3.5,664,34.5,14.5,4.5,4.5,4.5,4.5,4.5,4.5,4.5,4.5,R,1,0,0,0,0,0,0
"Flesh and the Fiends, The",1959,91,NA,7.1,145,0,0,4.5,4.5,4.5,14.5,24.5,24.5,14.5,14.5,,0,0,0,0,0,0,0
Shades,2004,4,NA,9.9,11,0,0,0,0,0,0,0,0,4.5,94.5,,0,0,0,1,0,0,1
Early to Bed,1941,8,NA,7.4,41,0,0,0,4.5,4.5,14.5,4.5,34.5,14.5,14.5,,0,1,1,0,0,0,1
Tiranga,1992,168,NA,9,10,0,0,0,0,0,0,14.5,0,74.5,24.5,,0,0,0,0,0,0,0
Gray's Anatomy,1996,80,350000,7,337,4.5,4.5,4.5,4.5,4.5,14.5,24.5,24.5,14.5,14.5,,0,0,1,1,0,0,0
"Blues de la calle Pop (Aventuras de Felipe Malboro, volumen 8), Los",1983,90,NA,9,6,0,0,0,14.5,0,0,0,0,0,84.5,,0,0,0,0,0,0,0
Lucky: No Time for Love,2005,141,NA,6.7,50,14.5,0,0,4.5,14.5,4.5,4.5,4.5,4.5,44.5,,0,0,0,1,0,1,0
"Kindred, The",1987,91,NA,4.5,184,4.5,4.5,14.5,24.5,14.5,14.5,14.5,4.5,4.5,4.5,,0,0,0,0,0,0,0
Vsadnik bez golovy,1972,100,NA,6.6,13,0,4.5,0,0,4.5,14.5,14.5,4.5,24.5,24.5,,0,0,0,0,0,1,0
Camino largo a Tijuana,1991,92,NA,6.3,17,0,24.5,4.5,0,14.5,4.5,4.5,14.5,4.5,24.5,,1,0,0,1,0,0,0
Call of the Savage,1935,212,NA,4.6,7,0,14.5,14.5,14.5,24.5,14.5,0,14.5,0,0,,0,0,0,0,0,0,0
Overdrive,1997,92,NA,3.5,27,14.5,0,14.5,24.5,14.5,14.5,0,4.5,14.5,4.5,R,1,0,0,0,0,0,0
"Tsatsiki, morsan och polisen",1999,91,NA,6.6,362,4.5,4.5,4.5,4.5,4.5,14.5,24.5,24.5,14.5,4.5,,0,0,0,1,0,0,0
Can She Bake a Cherry Pie?,1983,90,NA,4.9,57,4.5,4.5,14.5,14.5,14.5,4.5,4.5,14.5,14.5,4.5,,0,0,1,0,0,0,0
Sweet and Low-Down,1944,76,NA,5.8,19,4.5,0,0,4.5,14.5,34.5,14.5,24.5,0,4.5,,0,0,0,0,0,0,0
Acto de Primavera,1963,94,NA,5.1,17,0,14.5,4.5,14.5,0,4.5,4.5,24.5,14.5,14.5,,0,0,0,1,0,0,0
Othello,1965,165,NA,7.4,153,0,4.5,4.5,4.5,4.5,4.5,24.5,14.5,14.5,24.5,,0,0,0,1,0,0,0
"Trapp-Familie, Die",1956,106,NA,4.9,32,4.5,4.5,4.5,14.5,4.5,4.5,14.5,14.5,4.5,24.5,,0,0,1,1,0,1,0
Great,1975,30,NA,8.4,34,0,0,4.5,0,0,0,14.5,0,4.5,74.5,,0,1,0,0,1,0,1
Ernest,2001,2,NA,3.2,7,24.5,0,0,24.5,0,14.5,14.5,0,0,14.5,,0,1,0,0,0,0,1
"Doodle Circus, The",1996,6,NA,6.7,16,0,0,14.5,0,34.5,4.5,14.5,14.5,14.5,0,,0,1,0,0,0,0,1
Sezonat na kanarchetata,1993,128,NA,6.4,31,4.5,0,0,0,0,14.5,4.5,4.5,24.5,44.5,,0,0,0,1,0,0,0
West Point of the Air,1935,89,NA,6.2,33,4.5,4.5,0,4.5,4.5,34.5,24.5,4.5,4.5,4.5,,0,0,0,1,0,0,0
Yoyes,2000,104,NA,6.1,52,0,0,0,4.5,24.5,24.5,24.5,14.5,4.5,4.5,,0,0,0,1,0,0,0
Castle in the Air,1952,89,NA,7.5,5,0,0,0,0,0,24.5,24.5,24.5,24.5,24.5,,0,0,0,1,0,0,0
102 Dalmatians,2000,100,85000000,4.7,1987,4.5,4.5,14.5,14.5,24.5,14.5,14.5,4.5,4.5,4.5,,0,0,1,0,0,0,0
Canada Vignettes: Spence's Republic,1978,1,NA,7.8,8,0,0,14.5,0,0,0,14.5,45.5,0,24.5,,0,1,1,0,0,0,1
"Casa en las afueras, Una",1995,97,NA,7.1,34,4.5,4.5,14.5,4.5,4.5,4.5,14.5,34.5,4.5,0,,0,0,0,1,0,0,0
Germicide,1976,105,NA,5.5,6,0,14.5,14.5,14.5,14.5,0,0,0,14.5,14.5,,0,0,0,1,0,0,0
"Crocodile Hunter: Collision Course, The",2002,90,13000000,5.3,1648,4.5,4.5,4.5,4.5,14.5,24.5,14.5,4.5,4.5,4.5,PG,0,0,1,0,0,0,0
Sitting Target,1972,93,NA,5.8,89,0,0,4.5,4.5,14.5,24.5,24.5,14.5,4.5,14.5,,0,0,0,1,0,0,0
Social Lion,1954,6,NA,7.2,8,0,0,0,0,0,14.5,34.5,34.5,0,14.5,,0,1,1,0,0,0,1
Three Hearts for Julia,1943,83,NA,6.5,7,0,0,0,0,14.5,24.5,24.5,14.5,14.5,0,,0,0,1,0,0,1,0
Passione d'amore,1981,117,NA,6.6,100,4.5,4.5,4.5,4.5,4.5,14.5,14.5,24.5,14.5,14.5,,0,0,0,1,0,0,0
"Ombra nell'ombra, Un",1979,85,NA,5.2,10,0,0,0,34.5,0,0,34.5,14.5,0,34.5,,0,0,0,0,0,0,0
Fathers Are People,1951,7,NA,6.6,35,4.5,0,4.5,4.5,0,24.5,34.5,14.5,0,14.5,,0,1,1,0,0,0,1
Gutta,1988,4,NA,4.7,10,0,0,0,64.5,14.5,0,24.5,14.5,0,0,,0,0,0,0,0,0,1
Ucitel tance,1995,100,NA,7.1,31,4.5,0,4.5,0,0,14.5,24.5,24.5,14.5,4.5,,0,0,1,1,0,0,0
"Iron Major, The",1943,85,NA,6.2,37,0,0,4.5,14.5,14.5,24.5,24.5,14.5,0,4.5,,0,0,0,1,0,0,0
House II: The Second Story,1987,88,NA,4.5,819,4.5,4.5,14.5,14.5,14.5,14.5,14.5,4.5,4.5,4.5,,0,0,1,0,0,0,0
Wild River,1960,112,NA,7.5,403,4.5,4.5,4.5,4.5,4.5,4.5,14.5,24.5,14.5,24.5,,0,0,0,1,0,0,0
Othello,1922,80,NA,7.4,42,4.5,4.5,0,4.5,4.5,24.5,14.5,24.5,4.5,4.5,,0,0,0,1,0,0,0
Wong Fei-hung,1991,95,NA,7.3,2550,4.5,4.5,4.5,4.5,4.5,4.5,14.5,24.5,14.5,24.5,R,1,0,0,1,0,0,0
Time Out,2004,19,45000,7,62,4.5,4.5,0,4.5,4.5,14.5,24.5,24.5,14.5,4.5,,0,0,0,1,0,0,1
Oil for the Lamps of China,1935,97,NA,7.1,44,4.5,4.5,4.5,4.5,4.5,14.5,24.5,14.5,14.5,14.5,,0,0,0,1,0,0,0
Bach et bottine,1986,88,NA,5.8,110,4.5,4.5,0,4.5,14.5,34.5,14.5,4.5,4.5,4.5,,0,0,1,0,0,0,0
Lucky Star,1929,90,NA,8,34,0,0,0,4.5,4.5,4.5,14.5,14.5,14.5,44.5,,0,0,0,1,0,1,0
Patul conjugal,1993,102,NA,6.2,50,4.5,0,0,4.5,4.5,4.5,0,14.5,14.5,45.5,,0,0,1,0,0,0,0
"Killing of Angel Street, The",1981,96,NA,6,11,0,0,4.5,4.5,14.5,14.5,0,44.5,0,0,,0,0,0,0,0,0,0
"Son-Daughter, The",1932,79,NA,5.7,19,4.5,0,14.5,4.5,34.5,14.5,14.5,14.5,4.5,4.5,,0,0,0,1,0,0,0
Off the Lip,2004,87,NA,3.8,34,24.5,0,14.5,4.5,4.5,4.5,4.5,4.5,4.5,34.5,R,0,0,1,0,0,0,0
Adolf Hitler - Wahlpropagandafilm,1938,8,NA,6.6,8,34.5,0,0,0,0,0,0,0,0,64.5,,0,0,0,0,0,0,1
"Olly, Olly, Oxen Free",1978,83,NA,5.2,41,14.5,0,4.5,4.5,24.5,14.5,4.5,4.5,4.5,24.5,,0,0,0,0,0,0,0
Charly & Steffen,1979,83,NA,5.3,23,4.5,14.5,0,4.5,24.5,34.5,4.5,4.5,0,0,,0,0,0,1,0,0,0
Marijuana,1968,34,NA,5.4,15,24.5,4.5,0,0,4.5,24.5,4.5,4.5,0,24.5,,0,0,0,0,1,0,1
"Amaxaki, To",1957,106,NA,8.6,8,0,0,0,14.5,0,14.5,14.5,14.5,24.5,24.5,,0,0,0,1,0,0,0
How the Grinch Stole Christmas,2000,104,123000000,5.7,12680,4.5,4.5,4.5,4.5,14.5,14.5,14.5,14.5,4.5,4.5,PG,0,0,1,1,0,0,0
Saskatchewan,2002,5,NA,8,5,0,0,0,0,0,0,0,64.5,44.5,0,,0,0,0,0,0,0,1
Circus Today,1940,9,NA,7,11,0,0,0,0,0,24.5,24.5,44.5,0,0,,0,1,1,0,0,0,1
"Big Gamble, The",1961,100,NA,5,25,0,4.5,4.5,24.5,14.5,34.5,4.5,4.5,4.5,4.5,,1,0,1,1,0,0,0
"Forward Pass, The",1929,78,NA,3.4,10,34.5,24.5,0,0,14.5,34.5,0,0,0,14.5,,0,0,0,1,0,1,0
Out of Reach,2004,88,20000000,3.7,399,24.5,4.5,14.5,14.5,14.5,4.5,4.5,4.5,4.5,4.5,R,1,0,0,1,0,1,0
These Thousand Hills,1959,96,NA,6,32,0,0,0,4.5,14.5,24.5,34.5,14.5,4.5,4.5,,0,0,0,0,0,0,0
"Couturier de ces dames, Le",1956,95,NA,5.2,21,4.5,0,14.5,4.5,0,14.5,34.5,4.5,4.5,0,,0,0,1,0,0,0,0
Under a Texas Moon,1930,82,NA,5.5,5,0,0,0,24.5,24.5,44.5,0,0,0,24.5,,0,0,1,0,0,1,0
Maya Lin: A Strong Clear Vision,1994,105,NA,7.1,94,4.5,0,0,4.5,4.5,4.5,14.5,14.5,24.5,34.5,,0,0,0,0,1,0,0
Mayhem,1987,20,NA,3.2,9,14.5,34.5,14.5,0,14.5,24.5,0,14.5,0,0,,0,0,0,0,0,0,1
Al Capone,1959,104,NA,6.4,226,4.5,4.5,4.5,4.5,14.5,24.5,24.5,14.5,4.5,4.5,,0,0,0,1,0,0,0
My Kingdom,2001,117,NA,6.1,149,4.5,0,4.5,4.5,14.5,14.5,14.5,14.5,4.5,14.5,,0,0,0,1,0,0,0
Bowery to Broadway,1944,94,NA,6.9,13,0,0,0,0,0,14.5,34.5,4.5,4.5,34.5,,0,0,1,0,0,0,0
"Dude Ranger, The",1934,65,NA,6.4,17,0,4.5,0,0,14.5,14.5,4.5,44.5,4.5,4.5,,0,0,0,0,0,0,0
Holiday for Sinners,1952,72,NA,6.4,21,4.5,0,0,4.5,4.5,24.5,24.5,24.5,0,4.5,,0,0,0,1,0,0,0
"Song Writers' Revue, The",1930,20,NA,7.2,9,14.5,0,0,0,0,24.5,24.5,14.5,14.5,24.5,,0,0,0,0,0,0,1
Mooshak e Kaghazi,1997,90,NA,4.3,10,34.5,0,0,0,0,0,14.5,14.5,34.5,24.5,,0,0,0,1,0,0,0
"Love Trap, The",1929,71,NA,7,33,0,0,0,14.5,4.5,4.5,14.5,24.5,14.5,14.5,,0,0,1,0,0,0,0
Lee Jae-sueui nan,1999,100,NA,4.6,28,0,0,14.5,24.5,14.5,4.5,4.5,14.5,14.5,14.5,,0,0,0,1,0,0,0
"Intrusa, A",1979,100,NA,6.3,35,24.5,4.5,0,4.5,0,4.5,24.5,24.5,4.5,0,,0,0,0,1,0,0,0
Leily Ba Man Ast,1996,95,NA,8.1,20,0,0,0,0,0,4.5,4.5,14.5,34.5,44.5,,0,0,0,0,0,0,0
Rencor,2002,106,NA,6.4,70,0,4.5,4.5,4.5,14.5,24.5,14.5,24.5,4.5,4.5,,0,0,0,1,0,0,0
Perfect Strangers,1945,93,NA,7.3,137,4.5,4.5,0,4.5,4.5,14.5,14.5,24.5,14.5,14.5,,0,0,0,1,0,1,0
"Glimpse of the San Diego Exposition, A",1915,7,NA,4.9,5,0,0,0,24.5,64.5,0,24.5,0,0,0,,0,0,0,0,0,0,1
Space Rage,1985,77,NA,2.5,54,44.5,14.5,4.5,4.5,4.5,0,4.5,0,0,4.5,,0,0,0,0,0,0,0
Angel of Destruction,1994,86,NA,3.8,45,14.5,14.5,14.5,14.5,4.5,14.5,4.5,14.5,4.5,14.5,,1,0,0,0,0,0,0
Derniers feux,2004,8,50000,9.7,6,0,0,0,0,0,0,0,0,34.5,64.5,,0,0,0,1,0,0,1
Crime Zone,1988,92,NA,4.1,45,14.5,4.5,24.5,24.5,14.5,4.5,4.5,4.5,0,4.5,,1,0,0,0,0,0,0
Ei,1987,58,NA,5.8,26,0,0,0,4.5,14.5,24.5,44.5,14.5,4.5,0,,0,0,0,0,0,0,0
Angel on the Amazon,1948,60,NA,5.4,9,14.5,0,0,24.5,14.5,14.5,24.5,14.5,0,14.5,,0,0,0,0,0,0,0
Pandaemonium,2000,124,15000000,6.2,244,4.5,4.5,4.5,4.5,4.5,4.5,14.5,14.5,14.5,14.5,PG-13,0,0,0,1,0,0,0
Signing Off,1996,15,NA,7.4,40,0,0,0,4.5,4.5,14.5,14.5,24.5,24.5,24.5,,0,0,1,0,0,0,1
Everyday Something,2001,14,NA,6,15,0,0,0,0,4.5,45.5,4.5,14.5,4.5,14.5,,0,0,0,0,0,0,1
Last Chance Love,1997,95,NA,5.9,5,24.5,0,44.5,0,0,24.5,0,0,24.5,0,,0,0,0,1,0,1,0
Rescued by Rover,1905,7,NA,6.8,90,4.5,0,4.5,4.5,4.5,24.5,14.5,24.5,14.5,14.5,,0,0,0,1,0,0,1
Getting Wasted,1980,98,NA,4.2,19,24.5,14.5,0,4.5,4.5,14.5,14.5,4.5,0,14.5,,0,0,1,0,0,0,0
Goofy Groceries,1941,8,NA,6.1,9,0,0,0,0,14.5,45.5,34.5,0,0,0,,0,1,1,0,0,0,1
Picnic,1996,72,NA,7.6,119,4.5,4.5,4.5,4.5,4.5,4.5,14.5,24.5,24.5,24.5,PG,0,0,0,0,0,0,0
"Mad Ghoul, The",1943,65,NA,5.2,39,4.5,4.5,4.5,14.5,14.5,24.5,24.5,14.5,4.5,4.5,,0,0,0,0,0,0,0
Ghost Hunters: Point of Contact,2003,54,NA,5.9,7,14.5,0,0,14.5,0,0,45.5,14.5,0,0,,0,0,0,0,0,0,0
Psycho,1960,108,806947,8.6,53962,4.5,4.5,4.5,4.5,4.5,4.5,14.5,24.5,24.5,34.5,,0,0,0,0,0,0,0
Radioland Murders,1994,112,NA,5.5,803,4.5,4.5,4.5,4.5,14.5,14.5,14.5,14.5,4.5,14.5,,0,0,1,0,0,1,0
Follow the Leader,1944,65,NA,6.8,49,0,0,0,4.5,0,4.5,4.5,14.5,24.5,44.5,,0,0,1,0,0,0,0
"Party Crashers, The",1998,77,NA,1.8,22,14.5,4.5,0,4.5,4.5,4.5,14.5,14.5,14.5,14.5,,0,0,1,0,0,0,0
"42nd. Street Special, The",1933,6,NA,6.2,11,0,0,0,0,4.5,14.5,64.5,4.5,0,0,,0,0,0,0,1,0,1
Hi-De-Ho,1947,64,NA,6.2,22,0,0,0,4.5,14.5,24.5,24.5,14.5,4.5,4.5,,0,0,0,0,0,0,0
3 Minute Wonder,2000,3,NA,4.3,6,0,0,14.5,34.5,0,45.5,0,0,0,0,,0,0,0,0,0,0,1
Je t'aime moi non plus,1976,90,NA,6,131,4.5,4.5,4.5,4.5,4.5,4.5,14.5,14.5,14.5,24.5,,0,0,0,1,0,0,0
Private Angelo,1949,106,NA,6.9,10,0,0,0,0,0,24.5,34.5,24.5,24.5,14.5,,0,0,1,0,0,0,0
Zie 37 Stagen,1997,23,NA,1.7,13,24.5,4.5,0,0,0,0,0,4.5,34.5,34.5,,0,0,0,0,0,0,1
Sombra dolorosa,2004,7,NA,6.8,25,0,4.5,0,0,4.5,24.5,24.5,24.5,14.5,4.5,,0,0,0,1,0,0,1
Drowning Lessons,2002,20,NA,6.4,9,0,0,0,0,14.5,0,34.5,24.5,34.5,0,,0,0,0,1,0,0,1
Lena's Dreams,1997,86,NA,4,18,14.5,4.5,0,14.5,4.5,14.5,14.5,14.5,14.5,14.5,,0,0,0,0,0,0,0
Ovo malo duse,1991,86,NA,9.4,39,0,4.5,4.5,0,0,4.5,4.5,4.5,14.5,64.5,,0,0,0,1,0,0,0
Oil's Well That Ends Well,1958,16,NA,5.8,47,4.5,0,4.5,14.5,4.5,24.5,34.5,4.5,4.5,4.5,,0,0,1,0,0,0,1
Bubble Bee,1949,7,NA,5.8,22,0,4.5,4.5,4.5,14.5,34.5,14.5,4.5,4.5,4.5,,0,1,1,0,0,0,1
"Bob Mathias Story, The",1954,80,NA,5.7,11,0,4.5,0,4.5,4.5,24.5,4.5,14.5,0,14.5,,0,0,0,1,0,0,0
Leghorn Swoggled,1951,7,NA,7,22,0,0,0,0,24.5,4.5,14.5,44.5,0,4.5,,0,1,1,0,0,0,1
"Due superpiedi quasi piatti, I",1976,98,NA,6.4,460,4.5,4.5,4.5,4.5,4.5,14.5,14.5,14.5,14.5,24.5,,1,0,1,0,0,0,0
Black Samson,1974,98,NA,5.2,38,0,4.5,4.5,4.5,34.5,14.5,14.5,14.5,4.5,14.5,,1,0,0,0,0,0,0
"Dream, The",1911,11,NA,5.7,21,0,0,14.5,4.5,4.5,34.5,14.5,4.5,0,0,,0,0,0,1,0,0,1
Popeye the Sailor Meets Ali Baba's Forty Thieves,1937,19,NA,7.4,93,4.5,0,4.5,4.5,4.5,14.5,14.5,14.5,14.5,24.5,,0,1,1,0,0,0,1
Prabhupada: A Lifetime In Preparation,1996,55,NA,6.5,8,0,0,0,14.5,0,0,0,14.5,24.5,45.5,,0,0,0,0,0,0,0
"Grandes gueules, Les",1966,120,NA,7.6,80,0,0,0,4.5,4.5,14.5,24.5,24.5,14.5,14.5,,0,0,1,0,0,0,0
Moziklip,1987,75,NA,8.1,14,0,0,0,0,0,4.5,4.5,0,24.5,64.5,,0,0,0,0,0,0,0
Strip Jack Naked,1991,91,NA,6.3,7,14.5,0,0,0,0,44.5,24.5,0,14.5,0,,0,0,0,0,1,0,0
Silent Rain in the Ninth,1998,19,NA,6.3,25,0,4.5,0,4.5,4.5,24.5,24.5,14.5,4.5,14.5,,0,0,0,0,0,0,1
One Man Show: A Musical Documentary,2004,74,NA,6.9,14,24.5,0,0,0,0,4.5,4.5,0,4.5,45.5,,0,0,0,0,1,0,0
Foreign Student,1994,90,NA,5.6,74,4.5,4.5,4.5,4.5,14.5,14.5,14.5,14.5,4.5,4.5,,0,0,0,0,0,0,0
Lost,2000,13,NA,5.6,11,4.5,0,0,0,44.5,24.5,4.5,0,4.5,0,,0,0,0,0,0,0,1
Rovin' Tumbleweeds,1939,62,NA,5.5,12,0,0,14.5,0,24.5,24.5,0,4.5,24.5,0,,0,0,0,0,0,0,0
Chez nous,1978,99,NA,7.8,6,0,0,0,14.5,0,0,34.5,45.5,0,0,,0,0,0,0,0,0,0
Red's Dream,1987,4,NA,6.8,257,4.5,0,4.5,4.5,4.5,14.5,24.5,14.5,4.5,14.5,,0,1,0,0,0,0,1
"Weavers: Wasn't That a Time, The",1982,78,NA,8.1,58,4.5,0,4.5,0,4.5,4.5,4.5,14.5,14.5,44.5,,0,0,0,0,1,0,0
Delo Rumyantseva,1955,103,NA,7.7,11,0,0,0,0,0,24.5,0,14.5,14.5,34.5,,0,0,0,1,0,0,0
Axel Munthe - Der Arzt von San Michele,1962,125,NA,5.2,83,4.5,4.5,0,4.5,4.5,84.5,4.5,4.5,0,0,,0,0,0,1,0,0,0
Yez rouz bishtar,1999,75,NA,6.6,16,0,0,4.5,4.5,0,14.5,14.5,24.5,4.5,24.5,,0,0,0,0,0,1,0
Prom Night IV: Deliver Us from Evil,1992,115,NA,2.9,150,14.5,14.5,14.5,14.5,14.5,4.5,4.5,4.5,4.5,4.5,,0,0,0,0,0,0,0
Jealousy,1934,66,NA,3.2,5,0,24.5,44.5,0,0,24.5,0,0,0,24.5,,0,0,0,1,0,0,0
Erkan & Stefan,2000,87,NA,5.7,403,4.5,4.5,4.5,4.5,14.5,14.5,14.5,14.5,4.5,14.5,,0,0,1,0,0,0,0
"Last Letter, The",2004,80,NA,3.1,46,4.5,34.5,24.5,14.5,14.5,0,0,0,0,14.5,,0,0,0,1,0,0,0
None But the Brave,1965,106,NA,6.5,208,4.5,4.5,4.5,4.5,14.5,24.5,24.5,14.5,4.5,4.5,,0,0,0,1,0,0,0
Tag der Freiheit - Unsere Wehrmacht,1935,30,NA,5.9,80,14.5,4.5,4.5,4.5,4.5,14.5,24.5,14.5,4.5,24.5,,0,0,0,0,1,0,1
"Ladrone, Il",1979,108,NA,6.2,20,4.5,4.5,14.5,0,0,24.5,14.5,34.5,0,14.5,,0,0,0,0,0,0,0
Kappert 1: Die Briefmarke - Das Remake,1995,35,NA,1,5,44.5,0,0,0,24.5,0,24.5,24.5,0,0,,0,0,1,0,0,0,1
Segreti segreti,1985,92,NA,6.8,7,0,0,0,0,0,24.5,24.5,14.5,0,24.5,,0,0,0,1,0,0,0
Madame Bovary,1933,101,NA,6,43,0,4.5,4.5,4.5,4.5,24.5,34.5,4.5,4.5,4.5,,0,0,0,1,0,0,0
Continental,1990,104,NA,4.8,11,0,14.5,4.5,24.5,4.5,0,14.5,0,0,14.5,,0,0,0,0,0,0,0
"Collaboration, The",2001,90,NA,8.2,5,0,0,0,0,24.5,0,0,24.5,44.5,24.5,,0,0,0,0,0,0,0
"Blood Oranges, The",1997,93,NA,4,91,4.5,4.5,14.5,4.5,14.5,4.5,14.5,4.5,4.5,4.5,R,0,0,0,1,0,0,0
I Dream of Jeannie,1952,90,NA,5,23,4.5,0,14.5,14.5,24.5,4.5,14.5,14.5,0,4.5,,0,0,0,0,0,0,0
Shatter,1974,90,NA,4.2,61,4.5,4.5,14.5,14.5,14.5,4.5,14.5,4.5,4.5,4.5,,1,0,0,1,0,0,0
"Ritorno di Ringo, Il",1965,104,NA,6.5,40,0,0,4.5,4.5,14.5,4.5,14.5,34.5,4.5,14.5,,0,0,0,0,0,0,0
Callaway Went Thataway,1951,81,NA,6.8,74,0,0,4.5,4.5,4.5,24.5,34.5,14.5,4.5,4.5,,0,0,1,0,0,0,0
"Marrying Man, The",1991,115,NA,5.1,1040,4.5,4.5,4.5,14.5,24.5,14.5,14.5,4.5,4.5,4.5,,0,0,1,0,0,1,0
Nerolio,1996,90,NA,6.2,14,0,0,0,14.5,4.5,14.5,24.5,0,24.5,14.5,,0,0,0,1,0,0,0
Schlafes Bruder,1995,127,NA,7.5,391,4.5,4.5,4.5,4.5,4.5,4.5,14.5,14.5,24.5,24.5,R,0,0,0,1,0,0,0
Strumpet,2001,72,NA,6.3,107,4.5,4.5,4.5,4.5,4.5,14.5,14.5,14.5,4.5,24.5,,0,0,0,0,0,0,0
Cookers,2001,96,NA,8.6,22,0,4.5,4.5,0,4.5,0,0,14.5,14.5,45.5,R,0,0,0,1,0,0,0
How the Garcia Girls Spent Their Summer,2005,128,NA,2.9,43,4.5,24.5,4.5,4.5,4.5,14.5,4.5,14.5,4.5,14.5,,0,0,1,1,0,0,0
Bajarse al moro,1989,83,NA,6.4,109,4.5,0,4.5,4.5,14.5,24.5,14.5,24.5,4.5,4.5,,0,0,1,0,0,0,0
"Story of Vernon and Irene Castle, The",1939,93,1196000,6.7,248,4.5,4.5,4.5,4.5,4.5,14.5,34.5,24.5,4.5,14.5,,0,0,0,0,0,1,0
Andy,1965,86,NA,7.1,14,0,0,0,0,0,24.5,24.5,24.5,24.5,4.5,,0,0,0,1,0,0,0
"Montagna del dio cannibale, La",1978,86,NA,4.8,278,4.5,4.5,14.5,14.5,24.5,14.5,14.5,4.5,4.5,4.5,,0,0,0,0,0,0,0
Pismo - Glava,1983,106,NA,6.8,6,0,0,0,0,14.5,14.5,45.5,14.5,0,0,,0,0,0,1,0,0,0
I Found Stella Parish,1935,85,NA,5.9,36,0,0,4.5,4.5,14.5,14.5,34.5,14.5,4.5,4.5,,0,0,0,1,0,0,0
"Tarde de un matrimonio de clase media, La",1995,3,NA,8.7,7,0,0,0,0,0,0,14.5,24.5,24.5,24.5,,0,0,1,1,0,0,1
Cat's Eye,1997,91,NA,4.8,30,14.5,14.5,14.5,14.5,4.5,14.5,14.5,4.5,14.5,4.5,,0,0,0,0,0,0,0
Saathiya,2002,138,NA,7.2,171,4.5,0,4.5,4.5,4.5,14.5,14.5,14.5,14.5,24.5,,0,0,0,1,0,1,0
Ratataplan,1979,95,NA,6.5,59,4.5,0,0,0,4.5,4.5,14.5,24.5,14.5,34.5,,0,0,1,0,0,0,0
"Midsummer Night's Dream, A",1967,93,NA,6.8,8,0,0,0,14.5,14.5,14.5,34.5,0,14.5,14.5,,0,0,0,0,0,0,0
Ghost Rock,2003,101,NA,3.4,97,24.5,14.5,14.5,4.5,4.5,4.5,4.5,4.5,4.5,14.5,R,1,0,0,1,0,0,0
Tosca,1941,100,NA,5,11,0,0,0,14.5,14.5,4.5,24.5,4.5,4.5,4.5,,0,0,0,1,0,0,0
Gammera the Invincible,1966,86,NA,3.8,10,0,0,14.5,34.5,34.5,0,0,0,14.5,24.5,,0,0,0,0,0,0,0
"People vs. Dr. Kildare, The",1941,78,NA,5.3,27,4.5,4.5,4.5,4.5,24.5,14.5,24.5,4.5,0,4.5,,0,0,0,1,0,0,0
Toy Soldiers,1991,112,NA,5.8,2721,4.5,4.5,4.5,4.5,14.5,24.5,14.5,14.5,4.5,14.5,,1,0,0,1,0,0,0
Main Street to Broadway,1953,103,NA,4.4,12,0,14.5,4.5,24.5,14.5,4.5,0,4.5,4.5,4.5,,0,0,0,0,0,1,0
Carefree,1938,83,1253000,7.1,306,4.5,0,4.5,4.5,4.5,14.5,24.5,24.5,14.5,14.5,,0,0,1,0,0,1,0
Kourastika na skotono tous agapitikous sou,2002,105,NA,6.1,15,0,4.5,4.5,24.5,4.5,14.5,24.5,0,4.5,14.5,,0,0,0,1,0,0,0
"Khrustalyov, mashinu!",1998,137,NA,7.4,115,14.5,4.5,4.5,4.5,4.5,4.5,14.5,4.5,14.5,44.5,,0,0,0,1,0,0,0
"Zombi de Cap-Rouge, Le",1997,81,NA,2.7,10,34.5,14.5,24.5,0,0,0,14.5,0,0,34.5,,1,0,0,0,0,0,0
Hong deng qu,1996,91,NA,5.1,27,4.5,0,4.5,14.5,24.5,24.5,14.5,4.5,4.5,4.5,,1,0,0,1,0,0,0
Donald's Dream Voice,1948,7,NA,6.9,24,0,0,0,4.5,0,14.5,44.5,14.5,4.5,24.5,,0,1,1,0,0,0,1
On a Clear Day,2005,92,NA,7.3,31,4.5,0,0,0,0,4.5,14.5,14.5,14.5,34.5,,0,0,0,1,0,0,0
Jerry Maguire,1996,139,50000000,7.3,34623,4.5,4.5,4.5,4.5,4.5,14.5,24.5,24.5,14.5,14.5,R,0,0,1,1,0,1,0
"Nanguo zaijan, nanguo",1996,116,NA,6.7,176,4.5,4.5,4.5,4.5,4.5,14.5,14.5,14.5,14.5,24.5,,0,0,0,1,0,0,0
B gai waak,1998,95,NA,6.6,69,4.5,4.5,4.5,4.5,4.5,14.5,24.5,24.5,4.5,14.5,,1,0,0,0,0,0,0
Hammar,1992,100,NA,5.9,7,0,14.5,14.5,0,0,44.5,0,0,0,24.5,,0,0,0,0,0,0,0
Revizor,1933,71,NA,6.7,7,0,0,0,0,24.5,24.5,14.5,14.5,14.5,0,,0,0,1,0,0,0,0
En la puta calle!,1997,90,NA,7.6,13,14.5,4.5,4.5,0,14.5,0,24.5,24.5,4.5,0,,0,0,0,1,0,0,0
Who Has Seen the Wind,1977,100,NA,6.4,46,4.5,4.5,4.5,4.5,4.5,14.5,14.5,24.5,14.5,14.5,,0,0,1,1,0,0,0
Don't Go Near the Water,1957,107,NA,6.2,99,0,4.5,4.5,4.5,14.5,14.5,34.5,14.5,4.5,4.5,,0,0,1,0,0,1,0
Punch and Judo,1951,6,NA,4.3,8,14.5,0,14.5,34.5,14.5,0,0,14.5,0,14.5,,0,1,1,0,0,0,1
OffOn,1972,9,NA,5.5,38,14.5,4.5,4.5,14.5,0,14.5,34.5,14.5,0,4.5,,0,0,0,0,0,0,1
"Mysterious Island, The",1929,95,1130000,5.9,51,4.5,0,4.5,4.5,4.5,24.5,34.5,4.5,4.5,4.5,,0,0,0,0,0,0,0
Op het randje ...,2002,12,NA,5.8,12,4.5,0,4.5,14.5,0,34.5,24.5,0,4.5,0,,0,0,1,1,0,0,1
Luggage of the Gods!,1987,74,NA,4.7,31,34.5,4.5,4.5,0,4.5,4.5,14.5,14.5,4.5,4.5,,0,0,1,0,0,0,0
Youngblood,1978,90,NA,4.4,30,14.5,4.5,4.5,14.5,24.5,14.5,14.5,14.5,0,14.5,,1,0,0,0,0,0,0
Kureji no daiboken,1965,107,NA,8.8,5,0,0,0,0,0,0,44.5,0,0,64.5,,0,0,0,0,0,0,0
Wee Willie Winkie,1937,100,NA,6.9,138,4.5,4.5,4.5,4.5,4.5,14.5,24.5,24.5,14.5,14.5,,0,0,0,0,0,0,0
Daddy's Gone A-Hunting,1969,108,NA,5.7,64,0,4.5,4.5,4.5,14.5,14.5,24.5,14.5,14.5,4.5,,0,0,0,0,0,0,0
Hellmaster,1992,92,NA,3.4,24,34.5,4.5,4.5,34.5,0,0,4.5,0,14.5,0,,0,0,0,0,0,0,0
Money Means Nothing,1934,70,NA,4.6,7,0,14.5,14.5,14.5,24.5,14.5,0,14.5,0,0,,0,0,0,1,0,0,0
My Mom's a Werewolf,1989,80,NA,3.2,117,14.5,14.5,24.5,14.5,14.5,4.5,4.5,4.5,4.5,4.5,,0,0,1,0,0,0,0
"Revenge Rider, The",1935,60,NA,4.2,7,14.5,0,14.5,14.5,14.5,14.5,24.5,0,0,0,,0,0,0,0,0,0,0
Surname Viet Given Name Nam,1989,108,NA,4.6,21,4.5,4.5,0,4.5,14.5,4.5,4.5,4.5,14.5,24.5,,0,0,0,0,0,0,0
Xuxa Abracadabra,2003,87,NA,1.9,22,74.5,4.5,0,0,0,4.5,4.5,0,0,4.5,,0,0,0,0,0,0,0
"Dobbelte mand, Den",1976,91,NA,5.1,5,0,24.5,0,0,64.5,24.5,0,0,0,0,,0,0,0,1,0,0,0
Fetishes,1996,84,NA,5.8,79,4.5,4.5,4.5,14.5,4.5,14.5,14.5,24.5,4.5,4.5,,0,0,0,0,0,0,0
Mr. Perrin and Mr. Traill,1948,92,NA,5.1,9,0,0,0,14.5,44.5,24.5,24.5,0,0,0,,0,0,0,1,0,0,0
Reluctant Prophet,1995,42,NA,8.5,6,14.5,0,0,0,0,0,0,0,0,84.5,,0,0,0,0,1,0,1
Cosas que nunca te dije,1996,93,NA,6.9,248,4.5,0,4.5,4.5,4.5,4.5,14.5,14.5,24.5,24.5,,0,0,0,1,0,0,0
Kamennyy tsvetok,1946,70,NA,7.3,36,0,0,0,4.5,4.5,14.5,14.5,24.5,4.5,34.5,,0,0,0,0,0,0,0
Algiers,1938,95,NA,7.1,242,4.5,4.5,4.5,4.5,4.5,14.5,34.5,24.5,14.5,14.5,,0,0,0,1,0,1,0
Speedtrap,1977,113,NA,5,21,4.5,4.5,14.5,24.5,4.5,4.5,4.5,4.5,4.5,14.5,,1,0,0,1,0,0,0
Life or Something Like It,2002,105,NA,5.7,3620,4.5,4.5,4.5,4.5,14.5,24.5,24.5,4.5,4.5,4.5,PG-13,0,0,1,0,0,1,0
Klavim Lo Novhim Beyarok,1996,92,NA,7.7,23,0,0,0,14.5,4.5,4.5,4.5,34.5,14.5,24.5,,0,0,1,0,0,0,0
"Little Rascals, The",1994,82,NA,5.1,1770,4.5,4.5,4.5,14.5,14.5,14.5,14.5,4.5,4.5,4.5,,0,0,1,0,0,0,0
"Day of the Jackal, The",1973,145,NA,7.8,5310,4.5,4.5,4.5,4.5,4.5,4.5,24.5,24.5,14.5,14.5,,0,0,0,0,0,0,0
Junior G-Men of the Air,1942,225,NA,6.4,8,14.5,0,0,0,14.5,24.5,24.5,14.5,0,14.5,,1,0,0,0,0,0,0
For the Cause,2000,91,NA,2.8,183,34.5,14.5,14.5,14.5,4.5,4.5,4.5,4.5,4.5,4.5,R,0,0,0,0,0,0,0
Priest,1994,98,NA,7.2,2813,4.5,4.5,4.5,4.5,4.5,4.5,14.5,24.5,14.5,24.5,R,0,0,0,1,0,0,0
Barrios altos,1987,87,NA,5.2,18,0,4.5,4.5,14.5,24.5,14.5,14.5,14.5,0,4.5,,0,0,1,0,0,0,0
Pterodactyl Woman from Beverly Hills,1994,97,NA,3.4,39,14.5,4.5,4.5,0,14.5,4.5,14.5,4.5,0,24.5,R,0,0,1,0,0,0,0
Mister X,1968,90,NA,3.8,9,14.5,14.5,14.5,24.5,14.5,0,24.5,0,0,14.5,,0,0,0,0,0,0,0
Second Coming,2001,95,NA,6.8,7,14.5,0,0,0,0,14.5,24.5,14.5,24.5,0,,0,0,0,0,0,0,0
Carry On Cabby,1963,91,NA,5.9,243,4.5,4.5,4.5,4.5,14.5,34.5,24.5,14.5,4.5,4.5,,0,0,1,0,0,0,0
Forget Me Not,1936,73,NA,4.2,13,4.5,0,14.5,0,4.5,4.5,24.5,24.5,0,14.5,,0,0,0,1,0,1,0
Georgie Girl,2001,69,NA,6.6,7,0,0,0,0,14.5,14.5,14.5,44.5,14.5,0,,0,0,0,0,1,0,0
Sofies verden,1999,107,NA,5.5,323,4.5,4.5,4.5,4.5,14.5,14.5,14.5,14.5,4.5,4.5,,0,0,0,1,0,0,0
"Quatrilho, O",1995,102,NA,7.3,478,4.5,4.5,4.5,4.5,4.5,4.5,14.5,14.5,14.5,44.5,,0,0,0,1,0,1,0
"Kotsos stin EOK, O",1980,99,NA,8.5,6,0,0,0,14.5,0,0,14.5,0,0,64.5,,0,0,1,0,0,0,0
Eorin shinbu,2004,115,NA,6.5,178,4.5,4.5,4.5,4.5,4.5,14.5,14.5,14.5,14.5,24.5,,0,0,1,0,0,1,0
Men of Means,1999,80,NA,5.7,49,14.5,0,0,14.5,4.5,14.5,4.5,4.5,4.5,44.5,,1,0,0,1,0,0,0
S.O.S. Planet,2002,40,NA,6.1,11,14.5,0,0,4.5,24.5,4.5,14.5,14.5,0,0,,0,0,0,0,0,0,1
Green Diggity Dog,2001,97,NA,1.4,5,24.5,0,0,24.5,0,24.5,0,0,0,44.5,,0,0,1,0,0,1,0
South Park: Bigger Longer & Uncut,1999,81,21000000,7.6,33188,4.5,4.5,4.5,4.5,4.5,4.5,14.5,24.5,14.5,24.5,R,0,1,1,0,0,0,0
Crazy Legs Conti: Zen and the Art of Competitive Eating,2004,75,NA,5.6,16,0,0,4.5,0,0,0,14.5,24.5,14.5,34.5,,0,0,0,0,1,0,0
Egri csillagok I,1968,71,NA,7.2,75,0,0,0,4.5,4.5,4.5,4.5,14.5,14.5,45.5,,0,0,0,0,0,1,0
Desde el abismo,1980,90,NA,5.2,6,14.5,0,0,45.5,0,14.5,14.5,0,0,0,,0,0,0,1,0,0,0
Sioux City,1994,102,NA,4.8,79,4.5,4.5,4.5,14.5,4.5,14.5,14.5,14.5,4.5,14.5,,0,0,0,1,0,0,0
"Little Whirlwind, The",1941,8,NA,6.3,36,0,4.5,0,4.5,4.5,14.5,14.5,34.5,4.5,4.5,,0,1,1,0,0,0,1
"Work in Progress, A",2002,8,NA,7.4,5,0,0,0,0,0,44.5,0,0,24.5,44.5,,0,1,0,0,0,0,1
Joey's Christmas,1994,15,NA,1.2,6,64.5,34.5,0,0,0,0,0,0,0,0,,0,0,0,1,0,0,1
Trespass,1992,101,NA,5.9,1373,4.5,4.5,4.5,4.5,14.5,24.5,24.5,14.5,4.5,4.5,,1,0,0,0,0,0,0
Here Come the Huggetts,1948,93,NA,5.8,17,0,0,0,14.5,14.5,14.5,24.5,14.5,4.5,14.5,,0,0,1,1,0,0,0
Gun Shy,2000,101,10000000,5.4,1701,4.5,4.5,4.5,4.5,14.5,24.5,14.5,14.5,4.5,4.5,R,0,0,1,0,0,1,0
Wake Up and Dream,1946,92,NA,5.9,18,0,14.5,0,0,14.5,14.5,14.5,14.5,24.5,14.5,,0,0,0,1,0,0,0
Cause toujours!,2004,87,NA,6.3,41,4.5,0,4.5,4.5,4.5,14.5,34.5,14.5,4.5,4.5,,0,0,1,0,0,0,0
"Alley Cat, The",1941,9,NA,5.8,7,0,0,0,0,44.5,24.5,14.5,0,14.5,0,,0,1,1,0,0,0,1
Treasure Island,1934,110,NA,7.2,267,4.5,4.5,4.5,4.5,4.5,14.5,24.5,24.5,14.5,14.5,,0,0,0,0,0,0,0
Wish,2001,17,NA,8.4,8,0,0,0,0,0,14.5,14.5,24.5,24.5,24.5,,0,0,0,0,0,0,1
Zurek,2003,72,NA,6.7,54,4.5,4.5,0,4.5,4.5,24.5,24.5,24.5,4.5,4.5,,0,0,1,1,0,0,0
Flirting,1991,110,NA,7.2,1437,4.5,4.5,4.5,4.5,4.5,4.5,14.5,24.5,14.5,14.5,,0,0,0,1,0,0,0
Exploding Oedipus,2001,75,NA,3.9,9,14.5,0,34.5,24.5,24.5,0,0,0,0,14.5,,0,0,0,0,0,0,0
Fighting Irish,2003,104,NA,1.5,14,64.5,0,0,0,0,0,4.5,0,0,24.5,,1,0,0,1,0,0,0
Fantasia,1940,80,2280000,7.8,14925,4.5,4.5,4.5,4.5,4.5,4.5,14.5,24.5,14.5,24.5,,0,1,0,0,0,0,0
"Iron Giant, The",1999,86,48000000,7.9,15151,4.5,4.5,4.5,4.5,4.5,4.5,14.5,24.5,24.5,24.5,PG,0,1,0,0,0,0,0
City Girl,1930,90,NA,8.7,77,0,0,4.5,4.5,4.5,4.5,4.5,14.5,34.5,34.5,,0,0,0,1,0,1,0
Qateh-ye natamam,2001,92,NA,7.9,6,0,0,14.5,0,0,14.5,14.5,14.5,0,34.5,,0,0,0,1,0,0,0
"Marches du palais, Les",1997,140,NA,2,12,24.5,0,0,0,0,0,0,0,4.5,64.5,,0,0,1,1,0,1,0
Non chiamarmi Omar,1992,102,NA,3.6,10,14.5,14.5,0,14.5,14.5,14.5,24.5,24.5,0,14.5,,0,0,0,0,0,0,0
Possessed,1931,76,NA,6.5,145,4.5,4.5,4.5,4.5,4.5,24.5,14.5,24.5,4.5,14.5,,0,0,0,1,0,1,0
Anthony Zimmer,2005,90,NA,6.5,67,4.5,4.5,0,4.5,4.5,24.5,24.5,14.5,4.5,14.5,,0,0,0,0,0,0,0
Nasreddin v Bukhare,1943,80,NA,6,5,0,0,0,0,0,64.5,24.5,24.5,0,0,,0,0,1,0,0,0,0
Xipolito tagma,1954,89,NA,6,13,4.5,0,0,0,4.5,4.5,34.5,14.5,4.5,24.5,,0,0,0,1,0,0,0
Insomnia,1998,13,NA,6.8,6,0,0,0,0,0,14.5,45.5,14.5,0,14.5,,0,0,1,0,0,1,1
Is It Always Right to Be Right?,1970,8,NA,8.2,5,0,0,0,0,0,24.5,0,24.5,24.5,44.5,,0,1,0,0,0,0,1
Kabhi Kabhie,1976,177,NA,7.7,119,4.5,0,4.5,0,4.5,4.5,14.5,34.5,24.5,24.5,,0,0,0,1,0,1,0
Marius,1931,130,NA,8.1,194,0,4.5,0,4.5,4.5,4.5,4.5,24.5,24.5,44.5,,0,0,1,1,0,1,0
Hasan Kachal,1970,100,NA,7.7,15,0,0,0,0,4.5,0,24.5,24.5,0,44.5,,0,0,0,0,0,0,0
"Naked Jungle, The",1954,95,NA,6.8,442,4.5,4.5,4.5,4.5,4.5,14.5,24.5,24.5,14.5,14.5,,0,0,0,1,0,0,0
"Seme dell'uomo, Il",1969,113,NA,4.3,12,4.5,4.5,0,4.5,24.5,0,24.5,4.5,0,14.5,,0,0,0,1,0,0,0
"Wesh wesh, qu'est-ce qui se passe?",2001,83,NA,6.5,24,0,0,0,0,4.5,34.5,24.5,14.5,4.5,4.5,,0,0,0,1,0,0,0
Moulin Rouge!,2001,127,52500000,7.7,47689,4.5,4.5,4.5,4.5,4.5,4.5,4.5,14.5,14.5,34.5,PG-13,0,0,0,1,0,1,0
Ramones Raw,2004,105,NA,7.8,24,0,0,4.5,4.5,0,4.5,4.5,24.5,14.5,44.5,,0,0,0,0,1,0,0
One Day in Europe,2005,95,NA,7,47,0,4.5,4.5,0,4.5,14.5,24.5,14.5,4.5,24.5,,0,0,1,0,0,0,0
Closer,2000,20,NA,8.7,6,0,0,0,0,0,14.5,14.5,0,14.5,45.5,,0,0,0,0,1,0,1
Limpan,1983,82,NA,6.4,14,0,0,0,4.5,4.5,44.5,24.5,24.5,0,0,,0,0,1,0,0,0,0
Suchwiin bulmyeong,2001,117,NA,7.7,238,4.5,4.5,4.5,4.5,4.5,4.5,14.5,24.5,24.5,14.5,,0,0,0,1,0,0,0
Eight Days a Week,1997,92,NA,5.9,791,4.5,4.5,4.5,4.5,4.5,14.5,14.5,14.5,14.5,14.5,R,0,0,1,0,0,0,0
I Don't Hate Las Vegas Anymore,1994,70,NA,4.3,16,4.5,4.5,4.5,0,4.5,14.5,0,14.5,14.5,34.5,,0,0,0,0,0,0,0
"Bomba, La",1999,96,NA,5.5,36,4.5,4.5,4.5,14.5,14.5,14.5,14.5,4.5,4.5,14.5,,0,0,1,0,0,0,0
Summer's Gone,1999,96,15000,6,5,0,0,0,0,24.5,64.5,24.5,0,0,0,,0,0,0,0,0,0,0
I'll Cry Tomorrow,1955,117,NA,7.3,220,4.5,4.5,4.5,4.5,4.5,14.5,24.5,24.5,14.5,14.5,,0,0,0,1,0,0,0
Battle Stations,1944,10,NA,4.9,5,0,0,24.5,24.5,24.5,0,24.5,0,0,24.5,,0,0,0,0,1,0,1
Pociag,1959,101,NA,8.4,59,0,0,0,4.5,0,4.5,4.5,24.5,24.5,34.5,,0,0,0,1,0,0,0
Midnight Sun,2003,18,4000,1.6,12,34.5,0,0,0,0,0,4.5,0,14.5,44.5,,0,0,0,0,0,0,1
"Vrais perdants, Les",1978,92,NA,7.2,7,0,0,0,0,0,0,24.5,44.5,14.5,14.5,,0,0,0,0,1,0,0
Encounter at Raven's Gate,1988,94,NA,4.1,62,4.5,4.5,4.5,24.5,14.5,4.5,14.5,4.5,4.5,4.5,,0,0,0,1,0,0,0
Rails Into Laramie,1954,80,NA,5.7,12,4.5,0,0,4.5,24.5,24.5,14.5,4.5,4.5,0,,0,0,0,0,0,0,0
"Promise of Bed, A",1969,85,NA,1.6,11,14.5,24.5,14.5,0,4.5,0,4.5,0,14.5,0,,0,0,1,0,0,0,0
House of the Damned,1996,92,NA,4.5,83,4.5,14.5,4.5,14.5,14.5,14.5,14.5,4.5,4.5,4.5,R,0,0,0,0,0,0,0
Bob Wills and His Texas Playboys,1944,11,NA,5.1,6,0,0,14.5,0,0,14.5,14.5,0,14.5,34.5,,0,0,0,0,1,0,1
"Sailor Takes a Wife, The",1945,92,NA,5.8,31,0,0,4.5,14.5,24.5,14.5,24.5,4.5,4.5,4.5,,0,0,1,0,0,0,0
"Night with Lou Reed, A",1983,60,NA,8.4,5,0,0,0,0,0,24.5,0,24.5,44.5,24.5,,0,0,0,0,0,0,0
Wo de xiong di jie mei,2001,95,NA,6.6,38,4.5,4.5,4.5,0,4.5,14.5,14.5,14.5,14.5,14.5,,0,0,0,0,0,0,0
Something Big,1971,108,NA,5.1,182,4.5,4.5,4.5,4.5,4.5,4.5,45.5,4.5,4.5,4.5,,0,0,0,0,0,0,0
Valiant,2005,75,NA,6.3,224,4.5,4.5,4.5,4.5,14.5,24.5,14.5,14.5,4.5,14.5,,0,1,1,0,0,0,0
"Amour avec des si, L'",1962,85,NA,7.3,13,4.5,0,4.5,4.5,0,0,24.5,24.5,14.5,14.5,,0,0,0,0,0,0,0
Nanette,1940,97,NA,4.3,7,0,0,0,44.5,44.5,0,0,14.5,0,0,,0,0,0,0,0,1,0
Public Wedding,1937,58,NA,5.2,20,4.5,0,4.5,14.5,44.5,14.5,0,14.5,4.5,4.5,,0,0,1,0,0,0,0
Tonka,1958,97,NA,6.2,57,4.5,0,0,4.5,14.5,14.5,24.5,4.5,4.5,24.5,,0,0,0,0,0,0,0
"Angry Red Planet, The",1960,83,190000,4.7,406,4.5,4.5,14.5,14.5,24.5,14.5,14.5,4.5,4.5,4.5,,0,0,0,0,0,0,0
Nothing to Hide,1981,101,NA,3.7,26,4.5,4.5,4.5,14.5,14.5,4.5,4.5,14.5,4.5,24.5,,0,0,1,1,0,0,0
"Unbelievable Truth, The",2003,9,3300,7.4,5,24.5,0,0,0,0,0,0,44.5,0,44.5,,0,0,0,1,0,0,1
Songhwan,2003,149,NA,9,21,0,4.5,0,4.5,0,0,0,14.5,44.5,34.5,,0,0,0,0,1,0,0
Deep Cover,1996,108,NA,3.7,15,4.5,4.5,24.5,4.5,24.5,4.5,0,0,4.5,24.5,,1,0,0,0,0,0,0
Verj,1994,10,NA,3.9,5,0,24.5,0,0,24.5,0,0,0,24.5,44.5,,0,0,0,0,1,0,1
"Bidasses en folie, Les",1971,95,NA,3.8,44,14.5,14.5,14.5,14.5,14.5,4.5,4.5,4.5,4.5,14.5,,0,0,1,0,0,0,0
Brigade mondaine,1978,91,NA,2.9,7,24.5,24.5,14.5,0,14.5,14.5,0,0,0,0,,0,0,0,1,0,0,0
Closer to Home,1995,125,NA,3.3,21,4.5,4.5,14.5,4.5,4.5,4.5,0,14.5,14.5,4.5,,0,0,0,1,0,0,0
"Armee Gretchen, Eine",1973,95,NA,5.6,26,14.5,4.5,14.5,0,4.5,44.5,14.5,4.5,0,0,,1,0,0,1,0,0,0
Guelwaar,1992,115,NA,7,48,4.5,0,0,0,4.5,4.5,24.5,14.5,24.5,24.5,,0,0,0,1,0,0,0
Hytta,1996,22,NA,6.1,13,34.5,0,0,14.5,4.5,0,14.5,4.5,0,14.5,,0,0,0,1,0,0,1
Fighting Tools,1943,3,NA,8.6,7,0,0,0,0,0,14.5,0,24.5,14.5,44.5,,0,1,0,0,0,0,1
Charlie the Ox,2004,93,NA,9,27,0,0,4.5,0,4.5,4.5,0,0,14.5,74.5,,0,0,0,0,0,0,0
Babes in Arms,1939,93,748000,6.5,239,4.5,4.5,0,4.5,4.5,24.5,24.5,14.5,4.5,14.5,,0,0,0,0,0,0,0
Baby's Day Out,1994,99,50000000,4.4,1856,14.5,4.5,4.5,14.5,14.5,14.5,14.5,4.5,4.5,4.5,,0,0,1,0,0,0,0
"Silver Fleet, The",1943,88,NA,8.2,33,0,0,0,4.5,0,4.5,14.5,34.5,34.5,14.5,,0,0,0,1,0,0,0
Fast Horses,1998,97,NA,8,9,14.5,0,0,0,0,0,14.5,14.5,44.5,24.5,,0,0,1,1,0,0,0
"Nutcracker, The",1993,92,19000000,5,177,4.5,4.5,4.5,4.5,24.5,14.5,4.5,14.5,4.5,14.5,,0,0,0,0,0,0,0
"Local Stigmatic, The",1990,52,NA,6.9,36,4.5,0,4.5,0,4.5,4.5,4.5,4.5,4.5,64.5,,0,0,0,1,0,0,0
Metal Skin,1994,112,NA,6.2,97,4.5,4.5,4.5,4.5,4.5,14.5,14.5,14.5,14.5,14.5,,0,0,0,1,0,0,0
Face to Face,2003,92,8000,6,9,24.5,0,0,0,14.5,14.5,24.5,24.5,0,14.5,,0,0,0,1,0,0,0
Continental Divide,1981,103,NA,5.8,1106,4.5,4.5,4.5,4.5,14.5,24.5,24.5,14.5,4.5,4.5,,0,0,1,0,0,1,0
Homebodies,1974,96,NA,6.5,56,4.5,0,4.5,4.5,4.5,14.5,34.5,14.5,4.5,14.5,,0,0,0,0,0,0,0
Razza violenta,1984,91,NA,3.2,16,34.5,14.5,34.5,4.5,0,0,4.5,0,0,4.5,,1,0,0,0,0,0,0
Return from the Ashes,1965,105,NA,6.9,70,4.5,0,4.5,4.5,4.5,4.5,14.5,24.5,24.5,14.5,,0,0,0,0,0,0,0
Python,2000,99,NA,3.6,587,14.5,14.5,14.5,14.5,14.5,4.5,4.5,4.5,4.5,4.5,R,0,0,0,0,0,0,0
Moon Over Broadway,1997,97,NA,6.5,48,0,0,4.5,4.5,4.5,14.5,24.5,34.5,4.5,14.5,,0,0,0,0,1,0,0
Skyscraper Souls,1932,99,NA,7.3,85,0,4.5,4.5,4.5,4.5,14.5,34.5,24.5,14.5,4.5,,0,0,0,1,0,0,0
Friday the 13th Part VI: Jason Lives,1986,87,NA,4.7,2902,4.5,4.5,4.5,14.5,14.5,14.5,14.5,4.5,4.5,14.5,,1,0,0,0,0,0,0
Because They're Young,1960,102,NA,5.3,61,4.5,4.5,4.5,4.5,4.5,14.5,24.5,4.5,4.5,14.5,,0,0,0,1,0,0,0
Back to God's Country,1953,78,NA,5.8,38,4.5,4.5,4.5,4.5,14.5,34.5,24.5,4.5,0,4.5,,1,0,0,1,0,0,0
Colin Fitz,1997,85,NA,7.5,13,4.5,4.5,0,0,0,4.5,14.5,4.5,44.5,4.5,,0,0,1,0,0,0,0
Rio Lobo,1970,114,4000000,6.6,977,4.5,4.5,4.5,4.5,4.5,14.5,34.5,14.5,4.5,4.5,,0,0,0,0,0,1,0
Bellboy Donald,1942,7,NA,7.2,46,0,0,4.5,4.5,4.5,14.5,34.5,24.5,14.5,4.5,,0,1,1,0,0,0,1
Quick Before It Melts,1964,97,NA,5.1,21,0,0,4.5,4.5,34.5,24.5,4.5,0,4.5,4.5,,0,0,1,0,0,0,0
Vigo,1998,106,NA,5.7,72,4.5,0,4.5,4.5,14.5,14.5,14.5,14.5,14.5,14.5,,0,0,0,1,0,0,0
Thanasi pare t'oplo sou,1972,86,NA,6.5,9,0,0,24.5,0,0,24.5,14.5,0,24.5,24.5,,0,0,0,0,0,0,0
"Drum, The",1938,96,NA,7.4,57,0,0,0,0,4.5,4.5,24.5,34.5,14.5,4.5,,0,0,0,0,0,0,0
Dokument Fanny och Alexander,1986,110,NA,8,124,4.5,0,0,4.5,4.5,4.5,14.5,24.5,24.5,34.5,,0,0,0,0,1,0,0
Dyrygent,1980,101,NA,6.2,50,4.5,4.5,4.5,0,4.5,24.5,14.5,24.5,24.5,14.5,,0,0,0,1,0,0,0
Thunder and Lightning,1977,95,NA,4,30,14.5,0,14.5,34.5,24.5,4.5,4.5,0,0,14.5,,0,0,0,0,0,0,0
"Motorizzate, Le",1963,90,NA,7.2,5,0,0,0,0,24.5,24.5,24.5,0,44.5,0,,0,0,1,0,0,0,0
To Render a Life,1992,88,NA,9.6,9,0,0,0,0,0,0,0,0,44.5,45.5,,0,0,0,0,1,0,0
